,name,age,any_previous_interaction_with_the_dog,height_in_cms,weight_in_kgs,hair_color,eye_color,tattoo,scar,criminal_history,cruel_to_animals_generally,owns_a_weapon,owns_a_mercedes,has_a_dent_on_the_car,seen_nervous_on_the_day_of_incident,suspected_by_police
0,Losef Tarasov,50,Y,170,80,black,black,N,N,Y,Y,Y,Y,Y,Y,Y
1,Viggo Tarasov,30,N,172,75,brown,black,N,N,Y,N,N,Y,N,N,N
2,Brandon Brooks,48,Y,172,68,black,brown,N,Y,N,Y,N,Y,N,N,N
3,Nathan Price,37,Y,159,91,brown,green,Y,Y,Y,N,N,Y,N,Y,N
4,Eric Jackson,42,N,150,89,golden,grey,N,N,Y,Y,N,Y,Y,Y,Y
5,Leonard Johnson,43,N,188,83,golden,grey,N,Y,Y,N,N,N,N,Y,N
6,David Smith,38,N,160,74,grey,grey,N,N,Y,N,Y,N,N,Y,Y
7,Jason Bartlett,49,Y,156,68,golden,black,Y,Y,N,N,Y,N,Y,Y,Y
8,Ryan Barrett,32,Y,172,64,golden,grey,Y,N,Y,Y,Y,Y,Y,N,N
9,Robert Avila,30,Y,163,93,golden,green,Y,N,Y,N,Y,N,Y,Y,N
10,Lawrence Andrews,33,Y,150,79,golden,blue,N,N,N,Y,N,N,Y,N,N
11,Charles Rogers,57,Y,165,73,grey,brown,N,Y,Y,N,Y,N,Y,Y,N
12,Thomas Marshall,52,N,188,82,black,brown,N,Y,N,N,N,N,Y,Y,Y
13,Andrew Hart,41,N,170,68,black,grey,N,Y,N,N,Y,N,N,N,N
14,Mark Smith,49,N,176,72,black,green,N,N,N,N,Y,Y,Y,N,Y
15,Samuel Fisher,34,Y,160,64,black,blue,Y,Y,Y,Y,Y,Y,N,Y,N
16,Craig Suarez,45,N,188,70,golden,green,N,Y,Y,Y,Y,N,Y,N,N
17,Rodney Gardner,34,Y,168,71,black,brown,Y,N,N,N,N,N,N,Y,N
18,Jose Jones,55,N,160,84,brown,blue,N,N,Y,Y,Y,Y,Y,N,Y
19,Robert Hamilton,34,N,155,92,grey,grey,Y,Y,N,N,N,N,Y,Y,Y
20,Clarence Martinez,45,N,185,76,black,black,Y,N,N,N,N,Y,Y,Y,N
21,Sean Waters,45,N,179,60,black,grey,N,Y,Y,N,Y,N,N,N,N
22,John Rodriguez,52,Y,156,96,brown,black,Y,N,N,N,N,Y,N,Y,N
23,Reginald Jackson,40,N,188,63,grey,grey,Y,N,N,Y,N,Y,N,N,Y
24,Dustin Thompson,32,N,151,76,brown,green,N,Y,Y,Y,Y,N,Y,N,Y
25,Raymond Shepherd Jr.,59,N,157,83,brown,brown,N,Y,N,Y,Y,N,N,N,Y
26,Joshua Clarke,33,N,181,91,black,brown,Y,Y,N,Y,N,Y,N,N,N
27,William Bennett,32,N,177,96,black,blue,Y,N,N,N,Y,N,Y,Y,N
28,Kyle Johns,39,Y,173,69,golden,blue,Y,Y,N,N,Y,Y,N,Y,N
29,Ryan Wright,40,Y,178,86,grey,blue,N,Y,Y,N,N,N,N,Y,N
30,Bradley Robles,49,Y,151,67,brown,grey,N,Y,Y,Y,Y,Y,N,N,N
31,Shawn Santiago,47,Y,177,98,black,blue,N,N,Y,N,N,N,Y,Y,N
32,Daniel Moon,33,N,189,71,grey,black,N,Y,Y,Y,N,N,Y,N,N
33,Keith Schwartz,40,Y,182,64,grey,black,Y,Y,Y,N,Y,Y,Y,Y,N
34,Patrick Townsend,41,Y,156,72,grey,blue,N,Y,Y,N,Y,Y,Y,N,Y
35,Christian Moreno,34,Y,184,76,golden,blue,Y,Y,Y,N,N,Y,N,Y,N
36,Corey Nelson,48,N,170,85,grey,black,Y,N,Y,N,N,Y,N,N,N
37,Mark Rodgers,37,Y,154,94,golden,blue,N,Y,N,N,N,Y,Y,Y,Y
38,William Gross,49,N,164,76,grey,black,Y,N,N,Y,N,N,Y,N,Y
39,David Rodriguez,58,Y,169,84,golden,brown,Y,N,N,N,N,Y,Y,Y,Y
40,Steven Arnold,52,N,180,69,black,grey,Y,Y,Y,Y,N,Y,Y,Y,Y
41,Jerry Skinner,58,N,164,98,brown,black,Y,N,Y,N,Y,N,Y,Y,Y
42,Brendan Long,34,Y,176,65,black,brown,N,Y,N,Y,Y,N,Y,Y,N
43,Jose Choi,57,N,166,66,golden,brown,N,Y,N,Y,N,Y,Y,N,N
44,Justin Hendricks,51,Y,164,82,golden,brown,N,N,Y,N,Y,N,N,Y,Y
45,Jeremy Kelley,41,Y,161,70,golden,green,Y,N,Y,N,N,Y,Y,N,Y
46,Alan Garner,40,N,181,96,golden,brown,N,N,Y,Y,N,N,Y,Y,N
47,Louis Estrada,40,Y,186,77,brown,grey,Y,Y,N,N,Y,N,N,N,N
48,Derek Williams,48,N,187,65,brown,grey,N,N,N,N,N,N,Y,Y,Y
49,Brian Parker,41,Y,189,65,black,blue,Y,N,Y,Y,N,Y,N,Y,N
50,Steven Salazar,57,N,185,94,black,grey,N,Y,N,N,Y,N,N,N,Y
51,Jesse Mcguire,45,N,183,99,grey,brown,Y,Y,N,Y,N,Y,N,Y,Y
52,Christopher Davis,34,N,156,94,grey,black,Y,N,N,Y,N,N,N,N,Y
53,David Hobbs,56,N,175,66,golden,blue,N,Y,N,N,N,Y,Y,Y,Y
54,Wesley Elliott,53,Y,174,62,golden,green,Y,N,Y,Y,Y,N,N,N,N
55,Raymond Peterson Jr.,41,N,153,76,brown,blue,Y,Y,Y,N,Y,Y,N,Y,Y
56,Thomas Wright,38,Y,178,76,black,grey,Y,N,Y,N,Y,N,Y,Y,Y
57,David Sullivan,34,Y,186,79,brown,green,N,Y,N,N,N,Y,Y,N,N
58,Adam Garcia,54,N,151,68,black,black,Y,N,N,N,N,Y,N,N,N
59,Barry Campbell,54,N,157,97,black,brown,N,N,Y,N,Y,Y,Y,N,Y
60,Shannon Howard,30,N,186,77,grey,black,Y,N,N,Y,Y,Y,Y,Y,Y
61,Patrick Garcia,44,N,183,91,golden,black,N,Y,N,Y,N,N,N,Y,Y
62,Patrick Ball,56,N,155,79,grey,brown,Y,N,Y,N,Y,Y,N,N,Y
63,Dr. Caleb Doyle,33,Y,157,84,grey,brown,Y,Y,N,N,Y,N,N,Y,Y
64,Harold Underwood,32,Y,154,62,black,brown,N,Y,Y,N,N,N,N,N,N
65,Michael Cordova,49,N,177,60,brown,brown,Y,Y,Y,N,Y,Y,N,Y,Y
66,James Jones,54,N,158,98,brown,black,Y,Y,N,N,Y,N,Y,Y,Y
67,Steven Coleman,40,N,158,73,golden,black,Y,N,Y,Y,N,Y,N,N,N
68,Charles Gomez,53,Y,167,97,black,black,N,Y,Y,Y,N,N,Y,Y,Y
69,Darrell Williams,44,N,155,63,black,black,Y,Y,Y,Y,N,Y,N,Y,Y
70,Justin Cooper,58,N,181,71,golden,green,Y,Y,Y,Y,N,N,Y,Y,N
71,Jacob Lamb,41,Y,157,87,golden,grey,N,Y,Y,Y,N,Y,Y,N,Y
72,Robert Miller,56,Y,182,63,brown,black,N,Y,N,N,N,N,N,Y,N
73,Donald Howard,54,Y,182,93,golden,brown,N,N,Y,N,N,N,N,N,N
74,John Branch,31,Y,179,77,grey,blue,Y,Y,Y,N,Y,Y,Y,Y,N
75,Frederick Sharp,52,N,167,86,golden,blue,Y,Y,Y,Y,N,N,Y,N,N
76,Jeffrey Harris,31,Y,161,60,brown,grey,Y,Y,Y,N,Y,Y,Y,Y,N
77,Carl Kirk,45,N,158,79,black,grey,Y,N,Y,N,N,Y,N,Y,N
78,Alan Alexander,34,Y,185,92,brown,brown,Y,N,N,N,N,N,N,Y,Y
79,Wayne Reyes,51,Y,163,97,grey,black,Y,Y,Y,Y,Y,Y,Y,Y,Y
80,Nathan Freeman,43,N,182,83,brown,brown,N,N,N,N,N,N,Y,N,N
81,Alexander Snyder,52,Y,178,94,brown,brown,N,Y,N,N,N,N,N,Y,N
82,Brian Charles,33,N,150,86,golden,black,N,Y,Y,Y,N,N,N,N,Y
83,Jacob Smith,37,Y,189,72,black,brown,N,Y,Y,N,N,N,N,Y,N
84,Daniel Nelson,57,N,158,80,brown,brown,Y,Y,N,Y,Y,N,N,Y,Y
85,Kevin Bolton,40,Y,186,98,grey,grey,Y,Y,Y,N,N,Y,N,N,N
86,David Clark,51,N,172,97,black,brown,Y,N,Y,Y,N,N,N,N,Y
87,Daniel Meyers MD,31,Y,169,66,grey,green,Y,N,N,Y,Y,N,Y,Y,Y
88,Dillon May,40,N,158,65,black,blue,N,Y,Y,N,N,N,N,N,N
89,Peter Hall,53,Y,159,83,grey,grey,N,N,Y,Y,Y,Y,Y,N,N
90,Brian Murphy,57,Y,164,85,golden,black,N,N,Y,N,N,N,Y,Y,Y
91,Jeffrey Moreno,38,Y,189,90,golden,brown,Y,Y,N,Y,Y,N,Y,Y,N
92,Antonio Garcia,48,N,165,92,grey,brown,Y,Y,N,Y,N,N,N,N,N
93,Brent Sandoval,40,Y,177,90,grey,green,Y,N,Y,Y,N,Y,Y,N,N
94,Jason Hansen,50,Y,181,81,brown,blue,N,Y,Y,N,Y,N,N,N,N
95,Jeff Cherry,43,N,157,71,brown,black,Y,Y,Y,N,N,Y,Y,N,Y
96,Edgar Peters,35,N,155,95,brown,brown,Y,Y,Y,Y,N,Y,N,Y,Y
97,Mark Poole,33,N,169,97,brown,brown,N,N,Y,N,N,Y,Y,N,Y
98,Brandon Henson,31,Y,185,89,grey,green,Y,N,N,N,Y,N,Y,N,N
99,William Walker,39,N,153,69,grey,blue,N,N,N,Y,Y,N,Y,Y,Y
100,Robert Kelley,38,N,154,63,brown,black,Y,N,N,Y,Y,Y,N,Y,N
101,Aaron Decker,33,N,186,87,black,grey,Y,Y,N,N,Y,N,N,Y,N
102,Joshua Williams,31,N,162,65,golden,grey,Y,N,Y,N,N,N,Y,N,Y
103,Christopher Forbes,46,N,188,92,golden,brown,N,N,N,Y,N,Y,N,Y,Y
104,Ryan Werner,33,N,163,66,grey,black,Y,Y,Y,Y,Y,Y,Y,N,N
105,Anthony Murphy,36,Y,174,76,brown,blue,Y,N,Y,N,N,Y,Y,N,Y
106,Isaac Carroll,39,N,159,99,golden,blue,N,N,N,Y,N,Y,N,Y,Y
107,Andrew Cox,30,Y,172,72,grey,blue,Y,N,Y,Y,Y,N,Y,N,Y
108,Steve Rangel,54,Y,179,67,golden,blue,N,Y,Y,N,N,Y,N,N,N
109,Justin Smith,39,Y,150,75,brown,green,N,N,Y,Y,N,N,N,Y,N
110,Shawn Riley,59,N,172,75,black,grey,Y,Y,Y,N,Y,Y,N,N,Y
111,Robert Flores,55,Y,168,96,brown,brown,N,N,Y,N,N,Y,N,Y,N
112,Joseph Cardenas,44,Y,162,74,golden,green,N,Y,Y,N,Y,N,N,Y,Y
113,Brandon Garrett,43,N,168,78,black,black,N,Y,Y,Y,N,N,N,Y,N
114,Michael Mcmahon,51,N,164,88,grey,black,Y,Y,Y,N,Y,N,N,N,N
115,Patrick Hall,49,Y,179,78,black,brown,N,N,N,N,Y,N,Y,N,Y
116,Patrick Hughes,41,Y,185,70,black,blue,N,N,N,Y,N,Y,N,N,Y
117,Donald Mitchell,35,N,167,82,black,blue,Y,N,Y,Y,Y,Y,Y,N,N
118,Mr. Timothy Lynch MD,54,N,188,70,grey,brown,Y,N,Y,Y,N,N,Y,Y,N
119,Andrew Lopez,33,Y,184,60,black,black,N,Y,N,N,N,N,Y,N,Y
120,Tony Diaz,41,Y,187,76,grey,blue,N,N,Y,N,N,Y,Y,Y,Y
121,William Burgess,56,N,161,81,brown,green,Y,N,N,Y,Y,N,N,N,Y
122,Charles Oconnor,31,N,172,85,brown,blue,Y,N,N,N,Y,Y,Y,Y,N
123,Martin Garrison,52,N,168,63,golden,grey,Y,Y,N,Y,N,N,N,N,N
124,Charles Jones,45,Y,187,99,golden,brown,N,N,Y,Y,Y,Y,Y,N,N
125,Mr. Matthew Duncan IV,51,N,171,65,golden,grey,N,Y,N,Y,N,N,N,Y,Y
126,Anthony Zimmerman,37,Y,179,83,golden,grey,Y,Y,N,N,N,Y,N,N,N
127,Gregory Davis,42,Y,172,96,golden,brown,Y,N,Y,N,Y,Y,Y,N,Y
128,Justin Ward,31,N,188,98,black,blue,N,Y,Y,Y,N,Y,N,N,Y
129,Jeffrey Jenkins,50,N,153,72,black,black,Y,N,N,N,Y,N,N,N,N
130,David Lee,43,N,172,94,grey,black,N,N,N,N,Y,N,N,N,Y
131,Brandon Good,34,N,163,84,brown,grey,Y,Y,Y,N,Y,N,N,Y,Y
132,Karl Figueroa,56,Y,185,61,grey,blue,Y,N,N,N,N,Y,Y,Y,Y
133,Craig Williams,40,Y,164,75,golden,grey,Y,N,N,N,Y,Y,Y,N,N
134,Gregory Thomas,55,N,176,74,grey,green,N,N,Y,N,N,N,N,Y,Y
135,Sean Johnston,52,N,163,62,golden,grey,Y,N,N,Y,N,N,Y,Y,Y
136,Robert Burnett,42,Y,168,99,black,blue,Y,Y,N,N,N,N,N,Y,Y
137,Joseph Smith,34,N,166,63,golden,brown,N,N,Y,Y,Y,N,Y,Y,N
138,Brandon Harris,38,Y,159,98,grey,green,Y,N,Y,N,Y,Y,Y,N,Y
139,Michael Ellis,41,N,166,87,brown,green,N,Y,Y,Y,Y,Y,N,Y,N
140,Stephen Zimmerman,33,Y,180,95,grey,blue,Y,Y,N,N,N,N,N,Y,Y
141,Richard Smith,36,Y,174,75,grey,brown,N,N,Y,Y,Y,Y,N,N,N
142,Curtis Reilly,43,N,170,68,golden,green,Y,Y,N,Y,N,Y,N,Y,Y
143,Nicholas Cervantes,39,Y,164,67,golden,blue,N,Y,N,Y,N,N,N,Y,N
144,Wesley Jarvis,32,Y,173,86,black,grey,N,N,Y,Y,N,Y,Y,Y,Y
145,Michael Wu,46,Y,172,79,brown,green,Y,N,Y,N,Y,Y,Y,Y,Y
146,Scott Berry,47,Y,154,66,golden,brown,Y,N,Y,N,Y,N,Y,Y,N
147,Matthew Ellis,36,N,151,95,brown,blue,Y,Y,N,Y,N,N,N,Y,Y
148,Kevin Kim,55,Y,154,98,grey,grey,Y,N,N,Y,N,N,Y,N,N
149,Carlos Parks,38,N,173,68,black,brown,N,Y,Y,N,N,Y,N,Y,N
150,Gary Becker,41,N,175,75,grey,blue,N,Y,Y,Y,N,N,N,N,N
151,Peter Garner,51,Y,164,94,brown,black,N,Y,N,N,Y,N,Y,Y,N
152,Gary Martin,32,Y,184,84,golden,black,N,N,Y,Y,Y,N,Y,N,N
153,Charles Ayala,48,Y,165,69,golden,black,Y,N,N,Y,Y,N,Y,Y,Y
154,Benjamin Reeves,34,N,179,67,golden,grey,N,Y,N,N,N,N,N,N,N
155,William Moore,30,Y,155,84,black,black,Y,N,N,Y,N,Y,Y,N,Y
156,Robert Torres,48,N,177,67,black,grey,N,Y,Y,Y,N,N,N,N,Y
157,Michael Giles,36,N,150,92,grey,blue,N,N,N,Y,N,N,N,N,Y
158,Curtis Henry,43,Y,152,92,grey,blue,N,N,Y,N,Y,N,N,N,Y
159,Colin Bailey,44,N,165,71,grey,green,N,N,N,N,N,Y,N,Y,Y
160,Larry Oneal,51,N,150,78,brown,green,Y,Y,N,N,N,N,Y,N,N
161,Christian Adkins,43,N,177,98,grey,brown,N,Y,N,Y,Y,Y,Y,N,Y
162,Dustin Mata,49,N,158,89,grey,green,N,N,N,Y,Y,Y,N,N,N
163,James Garcia,33,N,183,82,grey,black,Y,N,Y,Y,N,Y,N,Y,N
164,Joseph Cox,38,Y,165,90,golden,green,N,N,N,Y,N,Y,N,Y,Y
165,Jonathan Daniels,45,N,176,70,black,black,N,N,N,N,N,Y,Y,Y,N
166,Wesley Serrano,41,Y,187,80,black,blue,Y,Y,Y,Y,N,N,Y,N,Y
167,Alexander Gomez,51,Y,166,83,golden,blue,Y,Y,Y,N,N,Y,Y,Y,N
168,Albert Myers,34,N,171,98,black,brown,Y,N,N,Y,N,N,Y,Y,Y
169,Jacob Kemp,35,N,188,61,black,blue,Y,Y,Y,Y,N,Y,Y,Y,N
170,James Armstrong,32,Y,186,67,grey,black,N,N,N,Y,Y,N,N,N,N
171,Bryan Rogers,53,Y,162,62,golden,brown,N,N,Y,Y,N,N,N,N,Y
172,John Boyd,32,Y,178,94,golden,black,N,N,N,Y,N,Y,N,N,Y
173,Bryan Mccoy,38,Y,188,72,brown,blue,N,N,N,N,N,N,Y,Y,Y
174,Jason Avila,31,Y,189,78,brown,green,Y,N,Y,Y,Y,N,Y,N,N
175,Joseph Stephenson,46,N,187,86,grey,brown,Y,Y,N,N,N,N,N,Y,N
176,Anthony Bridges,38,N,164,70,golden,grey,Y,N,Y,Y,Y,N,Y,N,N
177,Jonathan Reed,51,N,163,89,grey,black,N,N,N,Y,N,Y,Y,N,Y
178,Bradley Valencia,51,Y,180,99,golden,green,Y,Y,Y,N,Y,Y,N,N,N
179,Andrew Watson,54,Y,157,67,brown,blue,N,Y,N,Y,N,Y,Y,N,Y
180,Robert Williams,36,N,157,64,grey,black,Y,Y,Y,N,N,Y,Y,Y,N
181,Aaron Gutierrez,58,N,182,87,grey,black,N,Y,Y,Y,Y,N,N,N,N
182,Richard Rice,51,Y,174,63,brown,black,N,N,Y,N,Y,N,N,N,Y
183,Michael Tran,37,N,170,77,brown,black,N,N,Y,N,N,Y,N,N,Y
184,Jeremy Morgan,31,N,174,97,brown,blue,N,N,Y,N,Y,N,N,Y,Y
185,Joshua Rivas,50,N,157,85,golden,blue,Y,Y,Y,N,Y,Y,Y,Y,N
186,Jeffrey Young,46,Y,186,98,grey,brown,Y,N,Y,Y,N,N,Y,N,Y
187,William Stephenson,51,N,188,99,golden,green,Y,Y,N,Y,Y,N,Y,Y,Y
188,Paul Smith,56,N,182,80,brown,blue,Y,Y,N,Y,Y,Y,Y,N,N
189,Michael Macias,55,N,163,94,black,blue,Y,N,Y,N,N,N,Y,Y,N
190,William Hughes,44,Y,172,89,golden,blue,N,Y,Y,Y,N,N,Y,N,N
191,Mark Jordan,48,N,158,89,black,blue,N,N,N,Y,N,N,N,Y,N
192,Max Dunn,42,N,161,67,golden,grey,N,N,N,N,N,N,N,Y,N
193,Peter Taylor,45,Y,161,75,grey,grey,N,Y,Y,Y,Y,N,Y,Y,Y
194,Daniel Wilson,30,N,156,77,black,black,N,N,Y,N,Y,N,N,N,N
195,Keith White,31,Y,164,64,grey,black,Y,Y,Y,Y,N,Y,N,Y,N
196,Miguel Torres,31,N,150,86,brown,grey,Y,Y,N,Y,Y,Y,N,Y,Y
197,Jonathan Stafford,49,N,150,69,brown,blue,N,Y,Y,Y,Y,N,N,Y,N
198,Lee Jefferson,56,N,185,61,grey,grey,N,Y,Y,Y,N,Y,Y,Y,Y
199,Randy Barnes,31,Y,175,83,golden,brown,N,Y,N,Y,Y,N,N,Y,N
200,Michael Miller,37,Y,178,62,brown,blue,N,Y,N,Y,Y,N,N,N,N
201,Daniel Gibson,52,Y,158,79,brown,green,N,N,Y,Y,Y,N,N,N,Y
202,John Floyd,51,Y,154,66,black,brown,N,Y,Y,Y,Y,Y,N,Y,Y
203,Lawrence White,41,Y,160,83,black,blue,N,Y,Y,N,N,N,N,N,Y
204,Glen Anthony,38,N,171,95,grey,blue,N,Y,Y,N,Y,Y,N,Y,Y
205,Steven Martin,45,Y,184,65,black,green,N,N,N,Y,N,Y,N,N,N
206,Zachary Martinez,59,N,152,70,golden,blue,Y,N,N,N,N,N,N,N,Y
207,Seth Baker,52,N,184,89,grey,green,Y,N,Y,N,N,Y,N,N,Y
208,Marc Freeman,44,Y,180,68,brown,black,Y,Y,N,N,N,N,Y,N,Y
209,Tony Parker,56,Y,179,71,grey,grey,Y,N,N,Y,Y,Y,N,Y,Y
210,Frank Ellis,52,N,175,97,brown,black,N,N,N,N,N,Y,Y,N,N
211,Paul Wilkerson,30,N,173,71,black,black,Y,Y,N,Y,N,N,N,N,N
212,Christopher Romero,42,Y,162,85,black,black,N,Y,Y,Y,N,N,Y,Y,N
213,Craig Walsh,53,Y,157,71,golden,blue,Y,N,Y,N,Y,Y,Y,N,N
214,John Stevens,49,N,180,66,golden,blue,Y,Y,N,N,Y,N,Y,N,N
215,James Luna,55,Y,177,82,brown,black,Y,N,Y,N,N,Y,Y,N,N
216,Matthew Martinez,58,Y,172,84,golden,green,N,N,Y,Y,N,Y,Y,N,N
217,Taylor Smith,42,N,152,88,golden,green,Y,Y,Y,N,Y,Y,N,Y,Y
218,Jorge Garza,51,N,154,94,brown,grey,N,N,Y,N,Y,Y,N,N,N
219,Dennis Morris,59,Y,161,66,golden,grey,N,Y,Y,N,N,N,Y,N,N
220,William Bell,49,Y,166,64,grey,blue,N,N,Y,Y,Y,Y,Y,Y,Y
221,Gerald Ramirez,57,Y,170,86,black,black,Y,Y,N,Y,N,Y,Y,N,Y
222,Eric Bryan,59,N,189,78,grey,green,Y,N,N,N,Y,N,Y,Y,Y
223,Ricardo Brown,47,N,164,93,grey,black,Y,Y,Y,N,Y,Y,Y,Y,Y
224,Christopher Wilkerson,33,Y,174,71,grey,black,Y,N,Y,N,Y,N,N,Y,Y
225,Tony Reynolds,45,N,167,86,black,brown,N,N,N,N,N,N,Y,Y,Y
226,Dominic French,34,N,174,60,black,black,N,Y,N,N,Y,Y,N,N,Y
227,Christopher White,55,N,157,75,grey,grey,Y,N,N,Y,N,N,N,Y,Y
228,Steven Velasquez,43,Y,182,70,golden,black,N,N,Y,N,N,N,Y,N,Y
229,Bradley Bradley,57,Y,161,99,golden,grey,N,Y,Y,N,N,N,N,N,N
230,Jeffrey Hernandez,47,Y,154,66,grey,blue,Y,N,N,N,N,N,Y,Y,Y
231,John Dougherty,56,N,150,95,grey,brown,N,Y,Y,N,N,Y,Y,N,N
232,Jordan Thomas,43,Y,150,88,grey,black,N,N,N,N,N,Y,N,Y,N
233,Anthony Pena DDS,58,N,175,84,grey,grey,Y,Y,N,N,Y,Y,N,Y,N
234,Tony Moore,46,Y,188,62,brown,blue,Y,Y,Y,Y,N,N,Y,N,Y
235,Mr. Vincent Peters,47,Y,157,81,black,brown,N,N,N,N,Y,N,Y,Y,N
236,Scott Bennett,33,Y,178,91,black,grey,N,Y,N,Y,Y,Y,Y,Y,Y
237,Riley Smith,40,Y,164,97,grey,brown,N,Y,Y,N,N,Y,N,N,Y
238,James Miller,57,N,164,74,grey,black,Y,Y,Y,N,Y,Y,Y,N,N
239,Scott Armstrong,40,N,150,61,brown,grey,N,Y,Y,Y,Y,Y,Y,Y,Y
240,Eric Lee,31,N,184,65,black,blue,Y,N,Y,Y,Y,N,N,N,Y
241,Scott Bailey,43,Y,184,80,black,brown,N,N,N,N,N,Y,Y,Y,Y
242,Theodore Jones,30,Y,184,90,grey,brown,N,Y,N,Y,N,N,N,N,Y
243,Christopher Pruitt,54,Y,173,89,brown,grey,Y,N,Y,Y,Y,N,Y,N,Y
244,Robert Thomas,57,N,188,94,grey,grey,N,Y,N,N,Y,Y,Y,N,Y
245,Daniel Wilson,52,N,161,63,black,blue,Y,N,N,Y,Y,Y,N,N,N
246,Michael Smith MD,33,Y,177,65,brown,brown,N,N,Y,N,Y,Y,N,Y,Y
247,Phillip Shepherd,57,N,188,92,golden,blue,Y,Y,Y,N,N,N,Y,Y,Y
248,Keith Mcbride,31,Y,158,92,grey,grey,N,Y,Y,Y,Y,Y,Y,N,Y
249,John Jones,49,Y,183,99,grey,green,Y,N,N,Y,N,N,N,Y,Y
250,Cameron Morales,54,Y,159,68,black,green,Y,Y,Y,Y,N,Y,N,N,Y
251,David Palmer,47,Y,185,61,brown,green,Y,Y,N,N,Y,N,Y,Y,Y
252,Charles Walters,39,Y,180,99,brown,grey,Y,N,Y,Y,Y,Y,N,N,Y
253,James Alvarado,54,Y,183,75,golden,green,Y,Y,Y,N,N,N,Y,N,Y
254,Willie Foley,43,Y,166,62,golden,blue,Y,N,N,N,Y,Y,Y,Y,N
255,Donald Bowman,59,Y,169,77,grey,black,Y,Y,N,Y,N,Y,N,Y,Y
256,Mike Martin,30,Y,188,90,brown,brown,Y,Y,Y,N,N,Y,Y,N,Y
257,Eric Chambers,35,Y,157,73,grey,black,N,N,Y,Y,N,N,N,Y,N
258,Joel Ferguson,58,N,156,93,grey,black,N,N,N,Y,Y,Y,N,Y,Y
259,Steven Walls,38,N,152,69,brown,brown,N,N,Y,N,N,N,Y,Y,N
260,Shawn Velasquez,35,N,180,94,brown,grey,N,Y,N,Y,Y,Y,N,Y,N
261,Scott Hall,56,Y,150,90,golden,brown,N,Y,Y,N,Y,Y,N,N,Y
262,Jose Bridges,42,N,183,62,grey,grey,N,N,N,Y,N,Y,N,N,Y
263,Rickey Livingston,31,N,183,95,black,black,N,N,N,N,Y,N,N,Y,Y
264,Lucas Thomas,57,N,180,74,black,brown,N,N,N,N,Y,Y,N,N,N
265,Dr. Richard Williams,33,N,180,80,brown,black,Y,N,N,Y,Y,Y,Y,Y,Y
266,Richard Williams,44,Y,178,74,grey,brown,N,N,N,N,Y,N,N,Y,Y
267,Dr. Martin Reyes,59,Y,168,81,golden,blue,Y,Y,Y,N,N,Y,Y,N,Y
268,Douglas Jones,32,Y,178,96,grey,grey,N,Y,Y,Y,Y,N,Y,N,Y
269,David Wall,39,N,180,62,black,green,N,N,N,Y,N,N,N,N,N
270,Nathan Vang,39,Y,173,63,golden,black,Y,N,N,N,N,Y,N,N,N
271,Ethan Valencia,50,N,155,77,golden,blue,Y,Y,Y,N,Y,Y,N,Y,N
272,Eduardo Williams,43,Y,169,74,golden,blue,N,Y,N,N,Y,N,N,N,Y
273,George Lara,49,N,175,63,brown,blue,N,N,N,Y,N,N,N,N,N
274,Kyle Bradford,32,Y,161,94,grey,green,N,Y,N,N,Y,Y,Y,N,N
275,Scott Phelps,40,N,187,79,black,blue,N,Y,Y,Y,Y,N,N,Y,N
276,Thomas Ortiz,59,Y,165,65,golden,brown,N,N,N,Y,N,N,N,Y,Y
277,James Coleman,37,N,157,68,golden,black,N,N,Y,N,N,Y,N,Y,Y
278,Alexander Cooke,41,Y,151,86,grey,black,Y,N,Y,Y,N,N,Y,N,N
279,Marcus Spears,49,Y,153,86,grey,black,Y,Y,Y,N,N,N,Y,N,Y
280,Andrew Rangel,42,N,185,84,black,grey,N,N,N,N,Y,N,N,N,Y
281,Joel Baker,36,N,159,91,brown,brown,N,N,Y,Y,N,N,N,N,Y
282,Michael Snyder,33,Y,166,80,grey,black,Y,N,Y,Y,N,N,N,Y,Y
283,Daniel Russell,48,Y,152,70,golden,green,N,N,N,Y,N,Y,Y,N,Y
284,Anthony Benitez,36,Y,166,80,golden,blue,N,Y,N,Y,Y,Y,N,Y,Y
285,Jesus Donovan,40,Y,154,68,golden,black,N,N,N,Y,N,N,N,Y,Y
286,Travis Hernandez II,46,N,168,87,grey,black,N,N,N,N,N,N,N,N,Y
287,Robert Anderson,52,N,175,80,golden,blue,N,Y,Y,N,Y,Y,N,Y,Y
288,David Fisher,53,Y,185,70,brown,black,Y,Y,N,N,Y,N,Y,N,N
289,David Marquez,59,Y,157,83,golden,blue,N,Y,Y,N,Y,N,Y,Y,Y
290,Anthony Decker,33,N,182,63,grey,grey,Y,N,N,N,N,N,N,Y,Y
291,Sean Bishop,44,Y,169,91,golden,black,N,N,N,N,Y,Y,N,N,N
292,Kyle Brown,58,Y,189,87,golden,brown,N,N,N,Y,Y,Y,Y,Y,Y
293,Mario Rose,56,N,163,77,black,grey,Y,N,N,N,N,Y,Y,Y,Y
294,Antonio Lee,34,Y,170,99,golden,black,N,N,Y,N,N,Y,Y,Y,N
295,Edwin Smith,51,Y,151,98,black,green,N,Y,N,N,N,N,Y,N,Y
296,James Brown,59,N,183,85,grey,brown,N,Y,N,N,N,Y,Y,Y,N
297,William Graham,42,N,179,73,grey,blue,N,Y,N,N,Y,N,N,Y,Y
298,Steven Pittman,59,N,152,72,brown,grey,N,N,Y,N,N,N,Y,Y,Y
299,Isaiah Clark,36,N,174,77,golden,blue,N,Y,Y,Y,Y,N,N,N,Y
300,Adam Watkins,42,N,178,71,golden,grey,N,Y,N,N,N,Y,Y,N,N
301,Andrew Moran,36,Y,163,71,grey,grey,N,N,Y,N,Y,N,N,N,N
302,Paul Larsen,50,Y,158,76,black,grey,Y,Y,Y,Y,Y,Y,Y,N,Y
303,Aaron Villa,36,N,184,88,golden,blue,Y,Y,Y,Y,N,Y,Y,N,N
304,Robert Ramirez,43,Y,159,65,black,blue,Y,Y,N,N,Y,N,Y,N,Y
305,John Wilson,58,N,176,88,brown,blue,N,Y,Y,Y,Y,N,N,Y,N
306,Dalton Anthony,41,Y,184,82,grey,black,Y,Y,Y,N,N,Y,N,Y,N
307,Blake Nelson,43,N,179,78,grey,blue,N,N,N,Y,Y,Y,N,N,N
308,Kent Young,54,Y,175,88,golden,grey,Y,Y,Y,N,Y,Y,Y,N,Y
309,Miguel Rodriguez,33,Y,177,74,black,blue,Y,Y,Y,Y,Y,N,N,N,N
310,William Mckay,47,N,182,94,black,grey,Y,N,N,N,Y,Y,N,Y,Y
311,Aaron Smith,50,N,185,96,brown,brown,Y,Y,N,N,Y,N,Y,Y,Y
312,Richard Sandoval,34,Y,151,79,golden,brown,N,N,N,Y,Y,Y,Y,Y,N
313,Timothy Cunningham,49,Y,158,90,black,blue,Y,N,N,N,Y,Y,N,N,Y
314,Jacob Rodriguez,43,Y,180,76,grey,blue,N,N,Y,N,Y,Y,N,N,Y
315,Alan Hicks,50,N,178,92,brown,blue,Y,N,Y,N,Y,N,Y,N,Y
316,Victor Woods,52,N,182,88,black,grey,Y,Y,Y,Y,N,Y,Y,N,Y
317,Dave Pierce,37,N,180,75,black,brown,N,N,Y,N,N,N,N,Y,Y
318,Scott Lamb,53,Y,156,85,brown,blue,Y,N,Y,Y,Y,N,Y,N,Y
319,Rodney Baker,54,Y,178,68,black,grey,N,N,N,Y,Y,Y,N,N,N
320,Scott Logan,34,Y,171,65,black,blue,Y,Y,Y,N,Y,Y,N,Y,Y
321,Randy Glover,58,Y,188,68,golden,grey,N,Y,Y,N,Y,N,Y,N,Y
322,Donald Leon,54,Y,178,87,grey,brown,Y,Y,Y,Y,N,N,N,N,Y
323,Steven Weaver,39,N,157,98,brown,grey,N,N,N,N,Y,N,Y,Y,N
324,Gregory Gonzalez,45,N,180,66,golden,brown,N,Y,N,Y,N,N,N,Y,N
325,Kevin Dixon,31,N,165,62,grey,green,N,Y,Y,Y,Y,Y,Y,Y,N
326,Casey Rosales,59,Y,156,60,black,green,N,N,N,Y,N,N,Y,N,Y
327,Adam Rice,42,N,176,76,black,blue,Y,N,Y,Y,Y,Y,Y,N,N
328,Travis Rasmussen,57,N,158,69,grey,grey,N,N,N,Y,N,Y,Y,N,N
329,Jeffrey Harding,58,Y,160,74,black,green,Y,N,Y,Y,N,Y,Y,Y,Y
330,George Jackson,48,Y,189,90,brown,brown,N,N,Y,N,N,Y,N,Y,N
331,Michael Stevenson,54,Y,178,81,grey,black,N,N,N,Y,N,Y,Y,Y,N
332,Jaime Johnson,37,N,166,68,black,black,N,N,Y,Y,Y,N,Y,N,N
333,Keith Harris,57,N,183,97,golden,blue,N,N,N,Y,N,N,Y,Y,Y
334,John Meadows,44,Y,159,62,golden,green,N,Y,Y,N,Y,Y,Y,Y,N
335,Tony Bowman,52,Y,189,88,grey,black,N,Y,N,N,Y,Y,Y,Y,N
336,John Stone,32,N,164,95,grey,green,N,Y,Y,N,Y,N,Y,N,Y
337,Joseph Kline,32,Y,179,67,black,grey,Y,Y,N,Y,Y,N,Y,N,Y
338,Ralph Huang,54,Y,179,67,black,brown,Y,N,Y,N,N,N,Y,N,N
339,Brandon Harper,35,N,188,86,black,black,N,Y,N,Y,N,N,Y,N,Y
340,Richard Taylor,45,Y,165,67,black,green,Y,Y,Y,N,Y,Y,N,N,Y
341,Paul Stephenson,52,N,178,91,grey,green,Y,N,Y,N,Y,N,N,N,N
342,Cameron Robinson,34,Y,187,67,brown,blue,N,Y,Y,N,N,Y,Y,Y,N
343,Andrew Hancock,42,Y,172,61,grey,green,N,Y,Y,Y,Y,Y,Y,N,N
344,Alexander Lee,42,N,164,77,brown,green,Y,N,N,N,N,Y,Y,N,N
345,Mr. Henry Turner,57,Y,187,98,black,green,Y,N,Y,N,N,N,Y,Y,Y
346,Michael Lopez,39,Y,180,97,black,blue,Y,N,N,N,Y,Y,Y,Y,N
347,Douglas Mckee,57,N,174,79,brown,brown,Y,Y,N,Y,N,N,Y,Y,Y
348,Steven Velez,39,Y,156,82,golden,grey,Y,Y,Y,N,Y,N,Y,N,Y
349,Joshua Bailey,32,N,160,85,brown,blue,N,N,Y,N,Y,N,N,Y,Y
350,Jonathan Bennett,56,N,164,79,black,brown,Y,N,Y,N,N,Y,Y,Y,Y
351,Cameron Henson,55,N,181,97,golden,grey,Y,Y,Y,N,N,Y,N,N,N
352,Kevin Reyes,38,N,163,65,black,brown,Y,Y,Y,Y,N,Y,Y,Y,Y
353,Timothy James Jr.,41,Y,185,98,brown,blue,Y,Y,Y,Y,Y,Y,Y,N,N
354,Carl Davidson,39,Y,158,62,golden,blue,Y,Y,N,N,N,Y,Y,N,Y
355,Joshua Marshall,37,Y,171,64,black,black,N,N,Y,Y,N,N,N,N,N
356,Jason Brown,36,Y,176,65,golden,brown,Y,N,Y,Y,Y,N,Y,N,N
357,Sean Davis,46,N,154,83,golden,green,N,Y,Y,Y,N,N,Y,Y,N
358,Michael Reese,51,N,166,78,brown,blue,N,Y,N,N,Y,Y,N,N,Y
359,Joshua Bailey,36,N,185,70,golden,green,N,N,N,Y,Y,Y,Y,N,N
360,Michael Donaldson,51,Y,169,95,brown,blue,Y,N,N,N,N,N,Y,Y,Y
361,Billy Johnson,57,Y,170,77,brown,blue,N,N,Y,Y,N,N,N,N,N
362,Shawn Ruiz,56,N,166,79,black,green,N,Y,N,Y,N,N,Y,N,N
363,Victor Wilson,58,N,162,66,black,brown,Y,Y,N,N,N,Y,N,N,Y
364,Scott Martin,55,Y,174,86,grey,green,N,N,N,Y,Y,N,N,N,N
365,Ian Robertson,30,Y,155,82,golden,green,Y,N,N,N,N,N,Y,N,Y
366,Stephen Martin,45,N,157,95,golden,blue,N,N,Y,N,N,Y,Y,Y,N
367,Adrian Johnson,41,Y,180,67,golden,brown,Y,N,N,Y,N,N,Y,N,N
368,Anthony Briggs,39,N,158,91,golden,grey,N,Y,Y,N,Y,N,Y,N,N
369,David Huerta,59,Y,171,74,grey,green,N,Y,Y,N,N,N,Y,N,Y
370,Keith Wilson,40,N,177,66,golden,brown,N,Y,N,N,N,N,Y,Y,Y
371,Douglas Camacho,40,N,177,74,golden,black,N,N,Y,Y,Y,N,Y,Y,N
372,Joshua Porter,48,N,164,79,grey,blue,Y,Y,Y,Y,N,N,N,Y,N
373,James Hardin,48,N,187,78,golden,green,Y,N,Y,N,Y,N,Y,N,Y
374,Ethan Tucker,41,Y,159,70,brown,green,N,N,Y,N,N,Y,N,Y,N
375,Jacob Horton,59,N,172,62,grey,black,N,N,N,Y,Y,Y,N,Y,Y
376,Mark Blanchard,35,Y,156,72,golden,blue,N,N,N,Y,N,N,N,Y,Y
377,Mario Stevens,44,Y,187,94,brown,black,Y,N,Y,Y,Y,N,Y,N,Y
378,Michael Mullen,43,N,150,67,grey,black,Y,Y,N,Y,N,N,N,Y,N
379,Cameron Cook,34,N,183,76,black,grey,Y,Y,N,N,N,N,N,N,Y
380,Michael Ford,42,N,188,66,golden,grey,Y,N,N,Y,N,Y,Y,Y,N
381,Connor Nguyen,37,N,161,76,grey,brown,N,Y,N,Y,N,Y,N,Y,N
382,Andrew Burns,34,N,156,64,grey,brown,N,N,Y,Y,N,Y,N,N,Y
383,Mr. Samuel Donovan,34,N,188,93,brown,blue,N,N,Y,Y,Y,N,Y,N,Y
384,John Jones,36,Y,172,93,golden,brown,Y,Y,Y,N,Y,N,Y,N,N
385,Aaron Hunt,58,Y,150,72,grey,brown,Y,Y,Y,Y,N,N,Y,Y,N
386,Curtis Simmons,58,N,172,88,golden,grey,Y,Y,Y,Y,N,Y,N,N,Y
387,Michael Boyer,32,N,185,73,golden,grey,N,N,N,N,N,N,N,N,Y
388,William Thompson,46,Y,160,77,golden,black,Y,N,N,N,Y,Y,N,N,Y
389,Aaron Mcmahon,55,N,187,84,grey,grey,Y,N,N,Y,N,Y,Y,Y,N
390,Joel Wheeler,48,N,174,75,grey,green,N,Y,Y,N,N,N,N,N,Y
391,Michael Thomas,53,Y,184,70,black,brown,N,Y,Y,Y,N,N,N,Y,Y
392,Robert Turner,43,Y,156,98,black,blue,Y,N,Y,N,N,Y,N,N,N
393,Matthew Evans,59,Y,157,99,brown,green,Y,N,Y,N,Y,Y,Y,N,Y
394,Robert Miranda,30,Y,173,68,golden,brown,Y,Y,N,N,N,Y,N,N,N
395,Michael Malone,33,Y,180,81,golden,blue,Y,N,N,Y,Y,N,Y,Y,Y
396,Taylor Nelson,40,N,175,77,brown,brown,N,N,Y,Y,Y,Y,N,Y,N
397,Alexander Bird,59,N,183,71,grey,blue,N,N,Y,Y,Y,N,N,N,N
398,Stephen Meyers,39,N,154,71,golden,brown,N,Y,Y,Y,Y,N,N,N,Y
399,Donald Bowers,38,Y,154,65,golden,black,N,N,N,N,N,Y,Y,N,Y
400,Brian Levy,36,Y,173,83,golden,green,Y,Y,N,N,N,Y,Y,Y,Y
401,Michael Brown,39,Y,174,89,grey,brown,Y,N,Y,N,Y,Y,N,Y,Y
402,Jerry Jones,46,N,168,80,brown,green,N,N,N,N,Y,Y,Y,N,N
403,Michael Vazquez,51,Y,151,78,grey,brown,Y,Y,N,N,Y,Y,Y,N,N
404,John Castillo,38,N,157,76,golden,grey,Y,Y,Y,N,N,Y,Y,N,Y
405,David Harvey,33,Y,173,70,black,blue,N,Y,Y,N,N,N,N,Y,Y
406,Roberto Edwards,53,N,150,66,brown,grey,N,N,Y,Y,N,Y,N,Y,N
407,John Johnson,34,N,156,95,brown,green,Y,Y,N,Y,Y,Y,N,Y,N
408,Devin Wood,41,N,184,78,grey,brown,N,N,Y,Y,N,Y,N,N,Y
409,Joseph Hernandez,40,Y,152,77,grey,brown,Y,N,N,N,N,Y,Y,Y,Y
410,Gabriel Lutz,49,N,182,63,black,brown,Y,N,Y,N,N,N,Y,N,Y
411,Scott Hicks,49,Y,152,80,grey,brown,Y,Y,N,Y,Y,Y,Y,Y,Y
412,Vincent Martin,59,Y,174,98,brown,green,Y,N,N,Y,N,Y,N,Y,N
413,Ethan Hood,51,Y,184,71,grey,blue,N,Y,N,N,N,Y,Y,N,N
414,Matthew Peterson,54,Y,188,99,grey,brown,Y,N,Y,N,N,N,Y,Y,Y
415,Patrick Simmons,54,Y,161,61,grey,black,N,N,Y,Y,Y,N,N,Y,Y
416,Jacob Ellis,51,Y,174,67,golden,brown,Y,Y,N,Y,Y,N,Y,N,Y
417,Richard Coleman,34,N,154,93,brown,black,N,N,N,N,N,Y,N,Y,Y
418,Allen Ellis,53,Y,159,98,golden,grey,Y,Y,Y,Y,Y,N,Y,N,N
419,Mark Barrett,53,N,153,67,black,green,N,N,N,N,Y,N,N,N,Y
420,Michael Krueger,33,N,184,92,brown,blue,N,Y,Y,Y,Y,Y,Y,N,Y
421,Ryan Patterson,37,Y,159,93,black,black,Y,N,Y,N,N,Y,N,N,Y
422,Thomas Meadows,36,N,181,96,grey,brown,Y,Y,Y,N,N,Y,N,Y,N
423,Evan Gill,44,N,188,77,brown,green,Y,N,N,N,N,N,N,N,N
424,Tony Myers,59,Y,184,66,brown,blue,N,Y,N,Y,Y,Y,Y,N,N
425,Mark Terrell,50,Y,186,86,golden,blue,N,Y,N,Y,Y,N,Y,N,N
426,Kevin Mccoy,31,Y,170,75,golden,black,N,N,Y,N,Y,N,N,Y,Y
427,Jacob Ryan,48,N,150,66,black,brown,N,Y,Y,N,N,Y,Y,N,Y
428,Randall Woods,45,Y,170,74,golden,green,Y,Y,N,N,Y,Y,Y,Y,N
429,Joshua Valdez,38,N,162,76,golden,blue,Y,Y,Y,Y,Y,Y,N,Y,Y
430,Ryan Livingston,39,Y,155,68,grey,brown,N,N,N,N,N,N,Y,N,Y
431,Brandon Rios,42,Y,182,79,grey,blue,Y,N,Y,Y,N,Y,N,Y,N
432,Ryan Potter,47,Y,156,96,black,brown,N,Y,N,Y,Y,N,Y,N,Y
433,Walter Nash,51,N,156,99,brown,black,Y,N,N,Y,Y,Y,N,Y,N
434,Paul Yang,31,Y,162,81,brown,green,Y,Y,Y,Y,Y,Y,Y,Y,N
435,Mark Allison,37,N,186,97,black,grey,N,Y,N,N,Y,N,N,Y,Y
436,Todd Davis,48,N,186,94,black,blue,Y,N,Y,Y,Y,N,Y,N,N
437,Barry Mccoy,38,N,165,68,golden,green,Y,N,N,N,Y,Y,N,N,N
438,Mr. Bradley Hall,36,N,162,89,brown,green,N,Y,Y,Y,N,Y,N,Y,N
439,David Martin,49,Y,150,70,golden,grey,Y,Y,N,Y,Y,Y,Y,Y,N
440,Alejandro Rose,43,Y,175,86,grey,brown,N,Y,N,N,N,N,Y,N,Y
441,Jonathon Anderson,38,N,168,87,grey,brown,Y,N,N,N,N,Y,Y,N,N
442,Russell Ryan,49,Y,160,62,brown,grey,N,N,Y,N,N,N,Y,Y,N
443,Zachary Long,38,Y,187,64,golden,grey,Y,Y,N,N,Y,N,N,N,Y
444,Jason Davis,44,Y,153,63,brown,brown,N,N,N,Y,Y,Y,Y,Y,Y
445,Douglas Jefferson,32,N,188,83,brown,blue,N,N,Y,Y,N,N,N,N,N
446,Russell Mcdonald,44,Y,154,94,black,blue,Y,Y,Y,N,Y,Y,N,Y,N
447,Peter Leon,40,N,163,98,grey,grey,Y,N,Y,Y,Y,N,Y,N,N
448,James Ruiz,36,N,161,99,golden,black,N,N,N,Y,N,Y,N,N,N
449,Jonathan Byrd,52,Y,150,62,black,brown,Y,N,Y,Y,Y,Y,N,N,Y
450,Andrew Sanchez,41,N,174,67,brown,black,Y,N,N,Y,N,Y,Y,N,N
451,Joseph Osborne,50,Y,162,94,brown,black,N,Y,Y,N,N,N,N,Y,Y
452,Donald Lewis,37,N,154,92,brown,grey,N,Y,Y,N,Y,N,Y,Y,N
453,Matthew Mclaughlin,45,N,182,90,black,grey,N,N,Y,N,Y,Y,Y,N,N
454,Jeffrey White,49,Y,189,80,grey,grey,N,N,N,Y,Y,N,Y,N,Y
455,Christopher Snyder,56,N,168,60,black,brown,Y,Y,Y,N,Y,N,Y,N,N
456,Lucas Snow,33,Y,150,82,grey,blue,Y,N,Y,Y,Y,Y,N,N,Y
457,Kevin Reynolds,40,Y,169,69,black,grey,Y,Y,N,Y,Y,Y,Y,N,Y
458,James Crawford,35,N,173,90,golden,grey,N,N,N,N,Y,N,N,N,N
459,Andrew Brooks,55,Y,150,72,brown,blue,N,Y,N,N,N,N,N,N,Y
460,Carlos Sandoval,31,N,189,68,brown,black,N,Y,N,Y,N,N,N,N,Y
461,Drew Rodriguez,46,N,167,74,golden,grey,N,Y,Y,Y,Y,N,Y,Y,N
462,Andrew Roy,34,N,171,76,brown,black,Y,Y,N,N,Y,Y,N,Y,Y
463,Mark Shaw,48,N,153,62,black,brown,Y,N,Y,Y,N,N,N,Y,N
464,Nicholas Martinez,37,N,171,66,black,black,N,N,N,N,N,N,Y,Y,Y
465,Mr. Matthew Morgan Jr.,48,Y,170,68,brown,green,N,Y,N,N,Y,Y,Y,Y,Y
466,Charles Tanner,45,Y,177,61,grey,green,N,N,Y,Y,Y,Y,N,Y,Y
467,Martin Mills,48,N,151,80,grey,green,N,N,N,N,Y,Y,Y,N,Y
468,Brandon Mitchell,42,Y,189,79,black,green,Y,Y,N,Y,N,Y,N,N,Y
469,Andrew Espinoza,46,N,179,85,brown,brown,N,N,N,Y,Y,Y,N,Y,N
470,Dustin Harris,33,N,180,89,brown,grey,Y,N,N,Y,N,N,Y,N,N
471,Richard Davenport,57,N,170,85,black,green,Y,N,Y,Y,Y,Y,Y,N,N
472,Peter Huff,40,Y,179,68,brown,brown,Y,N,Y,N,Y,Y,N,Y,Y
473,Gabriel Austin,44,N,180,83,brown,green,N,Y,N,Y,N,N,Y,N,N
474,Richard Newton,58,Y,152,97,brown,green,Y,N,Y,Y,N,Y,N,N,Y
475,Mitchell Valentine,51,Y,153,72,grey,black,N,Y,Y,Y,N,Y,Y,Y,Y
476,Brian Vega,32,Y,183,68,golden,green,Y,N,N,Y,Y,N,N,Y,Y
477,David Gonzales,52,N,154,70,grey,brown,N,N,Y,N,Y,Y,Y,Y,N
478,Clarence Sanchez,36,N,167,99,golden,green,Y,N,Y,Y,N,N,N,N,Y
479,Jacob Wilson,52,Y,153,98,brown,grey,N,Y,N,Y,Y,N,N,N,N
480,Matthew Stephens,41,Y,154,66,grey,black,N,N,Y,N,N,N,Y,Y,Y
481,Nicholas Kaufman,31,N,177,67,grey,blue,N,N,Y,N,N,N,N,Y,N
482,Ronald Walsh,42,N,181,60,brown,blue,Y,Y,Y,N,Y,N,Y,N,N
483,Jason Ramirez,49,N,184,75,brown,grey,N,N,N,N,N,Y,Y,Y,Y
484,Sean Garcia,52,Y,186,85,grey,black,N,Y,Y,Y,N,N,Y,N,Y
485,Wayne Day,31,Y,153,63,brown,black,Y,N,Y,N,N,Y,Y,Y,N
486,Jeremy Scott,39,N,178,64,brown,brown,Y,N,Y,N,N,Y,N,N,Y
487,Darrell Stewart,59,N,178,78,brown,black,Y,N,N,Y,Y,N,Y,Y,Y
488,Oscar Watts,32,Y,179,72,brown,grey,N,N,Y,N,N,Y,N,N,N
489,Jose Garcia,47,Y,169,80,black,blue,Y,N,Y,N,N,Y,Y,N,Y
490,Brandon Beck,52,N,182,69,black,green,Y,Y,N,Y,N,Y,N,N,N
491,Andrew Clayton,37,Y,181,89,black,grey,Y,Y,N,Y,Y,Y,Y,Y,N
492,Jeff Banks,55,N,156,79,brown,green,Y,N,N,N,Y,Y,N,N,N
493,Joseph Tyler,52,Y,170,62,brown,black,N,N,Y,N,Y,Y,N,Y,N
494,John Williams,39,N,173,86,brown,black,N,N,Y,N,N,N,Y,Y,N
495,Gregory Roach,50,Y,161,70,black,grey,Y,N,Y,N,Y,Y,Y,Y,Y
496,Eric Poole,39,N,165,62,black,brown,N,Y,Y,Y,Y,Y,N,Y,N
497,Shawn Arias,34,N,166,99,black,grey,Y,N,N,Y,N,Y,N,N,N
498,Andrew Martinez,52,N,162,70,brown,grey,N,Y,Y,Y,N,N,N,N,N
499,David Johnson,48,Y,184,83,grey,green,N,N,N,Y,N,N,N,Y,Y
500,Matthew Taylor,52,N,185,61,golden,blue,Y,Y,N,Y,Y,N,Y,N,N
501,Thomas Snyder,56,N,162,64,brown,green,N,Y,Y,Y,Y,N,Y,Y,N
502,Eric Thomas,48,N,152,63,grey,blue,N,Y,N,N,N,Y,N,N,Y
503,Chad Lucero,55,Y,186,62,golden,grey,N,Y,N,N,Y,Y,Y,N,Y
504,David Phelps,58,Y,176,90,grey,blue,N,N,Y,Y,N,N,N,N,Y
505,Christopher Lewis,47,Y,153,97,golden,black,Y,Y,Y,N,N,Y,Y,Y,N
506,Terry Gilbert,37,Y,154,69,golden,grey,Y,N,N,Y,N,N,N,N,N
507,Joseph Rich,51,Y,174,61,black,brown,Y,Y,N,N,Y,N,N,Y,N
508,Nicholas Harrell,50,N,158,87,brown,grey,N,N,N,Y,N,Y,Y,N,N
509,Benjamin Howell,53,N,157,79,black,blue,Y,Y,Y,N,Y,N,N,Y,N
510,Brandon Steele,42,Y,160,76,golden,black,Y,Y,Y,Y,N,Y,N,N,Y
511,William Bray,42,Y,183,96,black,brown,N,Y,N,N,N,N,N,Y,N
512,Anthony Meyers,44,Y,184,84,black,blue,Y,Y,Y,N,Y,N,Y,Y,Y
513,Brandon Washington,48,Y,167,62,black,blue,Y,Y,Y,Y,Y,N,Y,N,N
514,Garrett Hall,39,N,164,73,golden,brown,Y,N,N,N,Y,Y,N,N,Y
515,Michael Webb,44,N,173,94,grey,black,N,N,N,Y,Y,Y,Y,N,Y
516,Louis Holmes,48,Y,180,72,black,brown,N,N,N,N,Y,N,Y,Y,Y
517,Joe Hart,58,N,177,88,golden,black,Y,N,Y,N,Y,Y,Y,Y,Y
518,Charles Hansen,55,Y,162,68,golden,black,Y,Y,Y,N,N,Y,N,Y,Y
519,Jacob Perkins,32,N,154,87,brown,brown,Y,Y,N,N,Y,Y,N,N,Y
520,Max Richardson,40,N,150,99,golden,brown,Y,N,Y,N,N,N,N,Y,N
521,Patrick Mendez,40,Y,162,96,grey,black,N,N,N,Y,Y,N,Y,Y,N
522,Edward Bush,44,Y,186,81,golden,grey,N,Y,N,Y,N,Y,Y,N,Y
523,Robert Byrd,44,Y,158,83,brown,blue,Y,N,Y,Y,Y,N,N,Y,N
524,Louis Allen,43,Y,171,68,golden,blue,N,N,Y,N,N,Y,Y,Y,Y
525,Michael White,32,Y,176,86,grey,blue,Y,N,Y,Y,Y,Y,Y,Y,Y
526,Willie Morgan,56,N,184,90,golden,grey,N,Y,N,N,Y,Y,N,Y,N
527,John Casey,57,N,159,62,grey,blue,N,Y,N,Y,N,Y,Y,N,N
528,Joseph Hill,30,Y,156,89,brown,grey,N,Y,N,Y,Y,Y,Y,N,Y
529,Bryan Mullins,35,N,184,78,brown,grey,Y,Y,N,N,N,N,Y,Y,Y
530,Noah Ingram,47,N,174,99,golden,brown,N,Y,Y,Y,N,N,N,Y,N
531,Joel Jones,59,N,171,77,brown,black,Y,Y,N,N,N,Y,N,N,Y
532,Robert Carlson,40,Y,188,60,black,blue,N,Y,N,Y,N,Y,N,Y,Y
533,Steven Roberts,52,N,170,90,grey,black,Y,Y,Y,N,N,Y,N,Y,N
534,Todd Horne,42,N,177,71,grey,black,N,N,Y,Y,Y,N,Y,N,N
535,John Hernandez,59,N,180,66,golden,green,N,N,N,N,Y,Y,N,Y,Y
536,Edward Roy,51,N,157,81,golden,blue,N,Y,Y,N,N,N,Y,Y,N
537,Robert Jones,52,Y,172,75,black,green,N,Y,N,Y,N,Y,Y,N,N
538,Victor Wood,53,Y,170,77,black,black,N,Y,N,N,N,N,Y,Y,Y
539,Mark Jarvis,37,N,170,82,brown,blue,N,N,Y,Y,Y,N,N,N,Y
540,Joshua Johnson,48,Y,188,72,brown,grey,Y,N,N,Y,N,N,Y,N,N
541,Jason Anderson,37,Y,169,62,black,green,Y,Y,Y,N,N,N,Y,N,N
542,Marc Todd,50,Y,181,93,golden,blue,Y,Y,Y,Y,N,N,Y,N,Y
543,Gabriel Cole,36,Y,152,98,brown,blue,N,Y,Y,Y,Y,N,N,Y,Y
544,Matthew Oliver,52,Y,152,74,black,black,Y,N,Y,N,N,Y,Y,N,N
545,David Jimenez,59,Y,155,60,golden,grey,Y,Y,N,Y,Y,Y,N,N,Y
546,Mr. Steven Perkins MD,49,N,157,98,brown,grey,N,N,N,N,Y,N,N,N,N
547,Grant Ho,34,N,160,88,grey,grey,Y,N,Y,N,Y,N,N,Y,Y
548,Stephen Vega,56,N,166,95,golden,grey,N,Y,N,Y,N,N,N,N,Y
549,Matthew Weiss,55,Y,150,88,black,brown,N,Y,Y,N,Y,N,N,Y,Y
550,Sean Smith,47,Y,171,63,golden,blue,Y,N,N,Y,Y,Y,N,N,N
551,Sean Cortez,55,N,157,60,golden,green,Y,N,Y,N,Y,Y,Y,N,Y
552,Harry Holden,57,N,184,62,black,grey,N,Y,N,Y,Y,N,N,Y,Y
553,John Melendez,40,Y,183,63,grey,grey,Y,Y,Y,N,Y,N,Y,Y,N
554,Michael Crawford DVM,57,N,163,69,grey,green,Y,Y,Y,N,N,N,N,N,N
555,Jerry Daniels,59,N,164,86,grey,green,Y,Y,Y,Y,N,Y,Y,Y,N
556,Matthew Lopez,38,Y,187,99,brown,green,N,Y,Y,N,N,N,Y,N,N
557,William Curry,34,Y,155,61,grey,blue,N,N,N,N,N,N,Y,Y,N
558,Dale Adkins,59,N,170,61,golden,green,Y,Y,Y,Y,N,N,Y,N,Y
559,Vincent Weaver,31,N,188,85,black,grey,N,N,Y,N,Y,Y,Y,Y,N
560,Justin Thomas,35,Y,182,80,brown,blue,Y,N,N,N,Y,Y,N,Y,Y
561,Brandon Parsons,52,N,172,63,brown,green,N,N,Y,Y,Y,N,Y,N,N
562,James Benson,37,N,180,75,grey,green,N,N,N,Y,Y,Y,Y,Y,N
563,Kenneth Williams,44,N,183,94,brown,green,Y,N,Y,Y,Y,N,N,Y,Y
564,Brendan Reed,41,Y,188,65,grey,blue,Y,Y,N,N,N,N,N,N,N
565,Kenneth Preston,33,Y,169,79,golden,black,N,N,N,N,N,N,N,N,N
566,Dustin Leonard,49,Y,165,86,black,green,Y,Y,Y,N,Y,N,Y,Y,N
567,Bradley Long,52,N,151,78,black,brown,N,Y,Y,Y,Y,Y,Y,N,N
568,Bobby Savage,30,Y,185,88,brown,brown,N,Y,Y,N,Y,Y,N,N,N
569,Casey Rich,35,N,183,92,grey,blue,Y,Y,Y,Y,Y,N,N,N,Y
570,Ryan Gibson,50,Y,186,64,golden,brown,Y,N,N,Y,N,Y,Y,Y,Y
571,Terry Juarez,37,N,171,80,black,brown,N,Y,Y,Y,Y,N,N,N,N
572,Michael Ewing,44,N,166,84,golden,black,Y,Y,Y,Y,Y,N,N,Y,N
573,Todd Garcia,35,N,155,76,golden,black,Y,N,N,N,Y,N,Y,Y,Y
574,Alexander Deleon,49,Y,171,95,brown,blue,Y,N,Y,N,N,N,N,N,N
575,Zachary Charles,48,Y,157,75,brown,blue,N,N,Y,N,Y,N,Y,Y,Y
576,Charles Hines,40,N,174,66,grey,green,Y,Y,Y,Y,N,N,Y,N,N
577,Paul Berg,46,N,167,83,golden,brown,N,Y,N,Y,N,Y,N,N,Y
578,Jeremy Rush,43,N,170,86,grey,brown,Y,N,Y,Y,Y,Y,Y,N,Y
579,Don Johnston,34,N,150,83,brown,blue,Y,N,Y,N,Y,Y,Y,Y,N
580,Nicholas Jefferson,33,Y,188,98,grey,black,Y,N,Y,N,N,Y,Y,N,N
581,Anthony Sherman,33,N,151,63,black,grey,N,Y,Y,Y,Y,N,N,N,Y
582,David Cunningham,59,Y,183,86,grey,grey,N,N,Y,Y,Y,N,N,N,N
583,Christopher Gonzalez,32,Y,153,60,grey,brown,Y,Y,N,N,Y,Y,N,N,Y
584,James Bryan II,57,Y,167,74,brown,blue,Y,N,N,N,Y,N,N,N,Y
585,Lucas Kennedy,54,Y,154,74,grey,green,N,Y,Y,N,N,N,N,N,N
586,Aaron Steele,32,Y,160,72,grey,green,Y,Y,Y,Y,Y,Y,Y,Y,N
587,Troy Mclaughlin,33,N,156,70,black,blue,Y,Y,N,N,Y,N,Y,Y,Y
588,Tyler Wagner,49,N,187,63,brown,grey,N,N,N,Y,N,Y,N,Y,N
589,Kevin Romero,33,N,182,89,brown,brown,Y,N,N,N,N,N,N,N,N
590,Mitchell Odonnell,47,N,177,61,black,blue,N,Y,N,Y,Y,N,Y,Y,N
591,James Baker,46,Y,161,82,brown,grey,Y,Y,Y,N,N,Y,Y,N,Y
592,Benjamin Chase,37,Y,156,62,black,grey,Y,N,N,N,Y,Y,N,N,Y
593,Joshua Davis,48,N,175,91,black,blue,N,N,Y,N,N,N,Y,Y,N
594,Christopher Baker,53,N,156,93,black,black,Y,Y,Y,N,N,Y,Y,N,N
595,Anthony Ortega,41,Y,187,70,brown,blue,Y,Y,N,N,Y,Y,N,Y,Y
596,Matthew Snyder,43,Y,187,96,golden,green,N,N,Y,Y,N,Y,Y,N,N
597,Caleb Martin,55,Y,176,80,brown,grey,Y,Y,Y,Y,Y,N,N,N,Y
598,Matthew Mitchell,30,N,172,90,black,black,N,Y,N,N,Y,N,Y,Y,N
599,William Booker,43,N,184,79,grey,black,Y,N,Y,Y,N,Y,Y,Y,Y
600,James Kelley,43,N,158,81,black,blue,Y,Y,Y,N,N,N,N,N,Y
601,Joshua Dixon,47,Y,160,95,grey,brown,Y,N,Y,N,Y,N,Y,Y,N
602,Bobby Cross,45,Y,172,81,black,blue,N,N,N,N,Y,N,N,Y,N
603,Jeffrey Patel,45,Y,155,95,golden,brown,N,Y,Y,Y,Y,Y,Y,Y,Y
604,Brandon Davis,58,N,185,89,black,grey,N,Y,N,N,Y,N,N,N,Y
605,James Herrera,40,Y,164,70,black,grey,N,Y,Y,Y,Y,Y,Y,N,N
606,Brian Roth,56,Y,155,92,brown,grey,N,Y,Y,N,Y,N,N,N,N
607,Charles Jones MD,46,Y,187,89,black,grey,N,N,N,Y,N,Y,N,N,Y
608,Aaron Brown,55,Y,185,64,black,blue,Y,N,Y,N,Y,N,Y,N,Y
609,Kenneth Rollins,41,N,165,94,grey,green,Y,Y,Y,Y,N,Y,Y,Y,Y
610,Marcus Thomas,35,Y,185,66,golden,black,Y,N,N,N,N,Y,Y,N,Y
611,Troy Harrington,43,N,181,67,grey,green,N,Y,N,Y,Y,N,N,Y,N
612,Dr. Jeremy Combs,37,N,166,96,black,brown,Y,Y,N,N,N,Y,N,N,Y
613,Richard Brown,44,N,152,88,black,brown,Y,Y,Y,N,N,N,Y,N,Y
614,James Nguyen,40,N,151,95,black,blue,N,N,Y,Y,Y,N,N,N,N
615,Mark Vincent,45,N,183,95,grey,green,N,N,N,Y,N,N,N,N,Y
616,Michael Noble,46,Y,170,71,brown,brown,Y,Y,N,N,N,N,Y,Y,Y
617,Richard James,54,N,164,90,black,blue,Y,N,Y,Y,Y,Y,N,N,Y
618,Christopher Luna,41,Y,165,68,black,blue,Y,Y,Y,N,Y,N,N,N,N
619,James Foster,47,Y,176,79,golden,brown,N,Y,N,N,Y,Y,N,Y,Y
620,Brent Anderson,43,N,183,82,golden,black,Y,N,Y,Y,N,Y,Y,Y,Y
621,Tyler Gutierrez,33,Y,181,83,brown,grey,Y,Y,N,Y,N,Y,Y,N,Y
622,Jeffrey Thompson,53,N,158,94,black,grey,Y,N,Y,N,N,Y,N,N,Y
623,Larry Wilson,56,Y,180,91,brown,grey,Y,N,Y,Y,N,Y,Y,Y,N
624,Nathaniel Brown,47,Y,164,61,brown,green,N,N,Y,N,Y,Y,N,Y,N
625,Scott Burnett,35,N,176,81,black,brown,N,N,Y,Y,Y,Y,Y,N,Y
626,Kenneth George,45,Y,160,81,black,black,Y,Y,N,N,Y,N,Y,Y,Y
627,Andrew Good,30,N,171,85,brown,black,Y,N,N,Y,Y,Y,Y,N,N
628,Benjamin Melendez,40,Y,166,82,golden,brown,N,Y,N,N,N,Y,N,Y,N
629,Henry Petty,54,N,178,99,black,black,Y,N,N,Y,Y,Y,N,N,N
630,Jacob Johns,59,Y,163,71,golden,grey,Y,Y,N,Y,N,N,N,N,Y
631,Larry Allen,50,Y,169,79,brown,brown,N,Y,N,N,Y,Y,Y,N,Y
632,Hayden Mcknight,59,Y,165,63,black,green,Y,N,Y,N,N,N,Y,N,N
633,Edward Davis,38,N,158,95,black,brown,Y,N,Y,N,Y,N,N,N,Y
634,Tony Harmon,54,Y,177,79,brown,grey,N,N,Y,Y,Y,Y,N,N,N
635,Raymond Clements,33,Y,183,84,black,grey,N,N,N,Y,N,N,Y,Y,Y
636,Robert Martin,55,Y,178,60,brown,black,Y,N,Y,N,N,Y,N,N,N
637,Alan Howe,42,N,172,72,grey,grey,N,N,Y,N,Y,Y,N,Y,N
638,Jordan Jones,40,N,165,64,golden,black,Y,N,N,Y,N,N,N,N,N
639,Philip Williams,42,N,151,85,black,grey,Y,Y,Y,N,N,N,N,Y,N
640,Donald Higgins,44,N,167,75,black,black,Y,Y,Y,N,N,N,Y,N,Y
641,Robert Larson,52,N,167,63,grey,blue,N,Y,Y,N,Y,N,N,N,Y
642,John Smith,52,Y,183,97,black,grey,Y,Y,Y,Y,Y,N,Y,N,Y
643,Robert Morse,38,Y,153,91,brown,black,N,Y,Y,N,N,Y,Y,N,N
644,Charles Hester,52,N,165,98,golden,green,Y,Y,Y,N,N,Y,N,N,Y
645,Ricky Schroeder,52,N,189,66,black,green,N,N,N,Y,N,N,N,Y,N
646,Joseph Garcia,50,Y,177,94,brown,brown,Y,N,Y,Y,Y,Y,Y,N,Y
647,Martin King,52,Y,168,88,grey,black,Y,N,Y,Y,Y,N,Y,N,Y
648,James Hensley,34,N,150,60,grey,black,Y,N,N,N,Y,N,N,Y,N
649,Dr. Michael Torres DVM,51,N,189,99,golden,grey,Y,N,Y,N,N,N,Y,N,N
650,Steven Stewart,43,N,189,71,grey,black,N,Y,N,N,Y,Y,Y,Y,Y
651,John Arias,45,Y,155,65,brown,black,N,Y,Y,N,N,Y,N,Y,N
652,Jeremy Dorsey,54,Y,167,67,grey,blue,Y,Y,N,Y,Y,N,N,Y,N
653,Ryan Palmer,49,N,179,68,grey,green,N,Y,Y,Y,N,N,N,N,N
654,Mr. Stephen Wilcox,56,N,187,69,golden,blue,N,N,N,Y,N,Y,N,Y,Y
655,Harry Nguyen,36,N,171,78,brown,blue,N,N,N,N,N,Y,Y,Y,Y
656,Mr. Richard Shepard,41,Y,180,62,black,blue,Y,N,Y,N,Y,N,Y,Y,N
657,Alexis Thomas,41,N,182,72,brown,black,Y,N,N,N,Y,Y,Y,N,N
658,Nicholas Montgomery,31,Y,158,96,brown,blue,Y,Y,N,Y,N,Y,Y,Y,Y
659,Francisco Stone,48,Y,184,93,black,grey,Y,Y,Y,Y,Y,N,N,N,N
660,Larry Payne,54,Y,165,79,black,brown,Y,Y,Y,N,N,Y,N,N,N
661,Howard Mccoy,30,Y,164,96,black,blue,Y,Y,N,N,N,N,Y,N,N
662,Dwayne Estrada,34,N,176,61,brown,brown,N,Y,Y,Y,N,Y,Y,Y,Y
663,Dean Walker,39,Y,152,66,brown,blue,N,N,N,N,N,N,Y,Y,Y
664,Robert Boone,32,N,166,62,golden,black,N,Y,Y,N,Y,Y,Y,N,N
665,John Cuevas,43,N,183,97,brown,green,N,Y,Y,Y,N,N,N,Y,Y
666,Patrick Munoz,38,Y,178,64,black,blue,Y,N,N,Y,Y,N,N,N,N
667,Christopher Hale,51,N,150,99,grey,grey,N,Y,Y,N,Y,Y,Y,N,N
668,Peter Chan,54,Y,152,97,brown,black,N,Y,N,Y,Y,N,N,Y,N
669,Samuel Martin,41,Y,169,89,golden,brown,N,Y,N,N,Y,N,N,N,N
670,Carl Miller,35,N,168,99,grey,brown,Y,Y,Y,N,N,Y,Y,N,Y
671,Henry White,54,N,158,87,grey,black,Y,Y,Y,N,Y,Y,N,N,Y
672,Thomas King,30,Y,176,73,black,black,Y,Y,Y,Y,N,N,N,Y,Y
673,Zachary Estrada,33,N,154,90,grey,black,N,N,N,N,N,Y,Y,N,Y
674,Jesse Lopez,32,N,188,97,grey,green,N,N,Y,N,Y,Y,N,Y,Y
675,Fred Brown,57,N,166,73,brown,brown,Y,N,Y,Y,Y,N,Y,N,Y
676,Terry Hopkins,33,N,177,98,brown,brown,Y,N,Y,N,N,N,Y,Y,N
677,Paul Carter,34,N,155,72,brown,black,Y,Y,N,Y,N,N,Y,Y,Y
678,Glen Smith,38,N,171,67,brown,green,N,N,N,Y,Y,Y,N,N,N
679,Joshua Lee,45,N,185,63,brown,blue,N,Y,Y,N,N,Y,N,Y,N
680,Tony Contreras,47,N,150,70,brown,grey,N,Y,Y,N,Y,N,Y,N,Y
681,Brandon Klein,31,Y,179,97,grey,brown,Y,N,Y,N,N,Y,Y,Y,Y
682,Keith Shaw,57,Y,163,74,grey,grey,N,N,Y,N,N,Y,Y,Y,Y
683,Alejandro Paul,34,N,185,64,grey,blue,Y,Y,Y,N,Y,N,N,Y,Y
684,James Jones,34,N,177,67,brown,black,Y,N,Y,N,N,Y,Y,N,N
685,Zachary Cunningham,34,Y,165,65,grey,grey,Y,N,Y,N,N,Y,N,N,Y
686,Roberto Lewis,44,N,175,82,golden,grey,N,Y,N,Y,N,Y,Y,N,N
687,Christopher Powell,57,N,184,65,brown,brown,N,N,N,Y,Y,Y,Y,N,N
688,John Reynolds,48,N,155,61,golden,green,N,Y,Y,N,Y,N,N,N,N
689,Chris Kidd,38,Y,157,70,grey,green,N,N,N,Y,Y,N,Y,Y,Y
690,Kenneth Potts,41,Y,156,60,black,brown,Y,Y,Y,N,N,Y,N,N,N
691,Jacob Jackson,54,Y,183,93,grey,black,N,N,Y,N,N,Y,Y,N,N
692,John Manning,43,Y,173,61,golden,brown,N,Y,Y,Y,Y,N,N,Y,N
693,Scott Barber,52,Y,153,75,black,brown,N,Y,Y,Y,Y,Y,N,N,N
694,Brian Taylor,31,Y,176,86,grey,grey,N,N,Y,Y,Y,Y,Y,Y,Y
695,Matthew Cruz,53,Y,158,86,grey,black,N,Y,N,Y,N,N,Y,N,Y
696,Sergio Flores,34,N,183,90,golden,brown,N,N,N,N,Y,N,Y,Y,Y
697,Brian Murray,32,N,162,93,grey,black,Y,Y,N,N,Y,Y,N,N,N
698,William Mcdaniel,52,Y,161,72,golden,black,N,N,N,N,Y,Y,Y,Y,Y
699,Christopher Young,30,Y,175,92,black,brown,N,Y,Y,Y,Y,Y,Y,N,Y
700,Jack Andrews,59,N,151,66,brown,grey,N,N,Y,N,N,N,Y,Y,N
701,Kevin Rogers,40,N,175,71,grey,blue,N,N,N,Y,Y,N,Y,N,N
702,Charles Martin,53,N,160,89,brown,brown,N,Y,N,N,Y,Y,Y,Y,N
703,Mr. James Shaw,37,N,151,66,black,brown,Y,N,Y,Y,N,N,Y,N,N
704,John Parker,57,N,187,60,black,brown,N,Y,N,Y,N,N,Y,Y,Y
705,Steven Davis,38,Y,155,99,golden,black,N,Y,Y,Y,N,N,N,Y,N
706,David Brown,57,N,156,74,black,brown,Y,Y,N,N,Y,Y,N,N,Y
707,Mark Trevino,48,Y,188,93,grey,green,N,N,Y,N,N,Y,N,Y,Y
708,Joshua Blair,56,Y,173,75,brown,black,N,Y,N,N,N,N,N,Y,Y
709,Eduardo Silva,46,N,175,83,brown,green,Y,N,Y,N,N,N,Y,Y,N
710,William Graves,32,N,182,96,brown,green,N,Y,N,N,N,Y,N,N,N
711,James Sawyer,37,N,180,85,black,grey,N,Y,Y,Y,Y,Y,N,N,Y
712,Andrew Montgomery,48,N,162,99,brown,brown,N,N,Y,Y,N,N,N,Y,N
713,Alex Patterson,45,N,182,60,black,blue,Y,Y,Y,N,N,Y,Y,Y,Y
714,Austin Stone,38,Y,166,96,grey,grey,Y,N,Y,Y,N,Y,N,N,N
715,Jay Graham,43,Y,172,92,grey,brown,N,Y,Y,N,Y,Y,N,N,N
716,Jeffrey Webb,40,N,186,96,brown,green,N,N,N,Y,N,Y,Y,N,Y
717,Michael Oliver,39,N,166,80,black,green,N,N,N,Y,Y,Y,Y,Y,Y
718,Cody Davis,55,N,185,77,brown,blue,N,N,Y,N,N,Y,N,N,N
719,Daniel Roberson,54,N,170,99,brown,black,N,Y,N,Y,Y,Y,Y,N,N
720,Daniel Murray,54,Y,163,94,grey,blue,N,Y,Y,N,N,Y,N,Y,N
721,Mr. James Love Jr.,44,Y,171,78,black,blue,N,Y,N,Y,Y,N,N,Y,N
722,Robert Callahan,56,N,152,96,brown,green,N,Y,Y,Y,Y,N,N,N,N
723,Casey Nelson,34,Y,184,93,brown,brown,Y,Y,Y,N,Y,Y,Y,Y,N
724,Jonathon Jensen,47,Y,186,74,grey,green,N,N,Y,N,N,Y,N,N,Y
725,Gregory Nielsen,52,Y,176,95,golden,black,N,Y,Y,Y,N,Y,Y,Y,N
726,Kyle George,45,N,172,87,brown,brown,N,N,Y,N,N,N,Y,Y,N
727,Joseph Watson DDS,47,N,184,91,grey,black,N,N,N,Y,Y,Y,Y,Y,Y
728,Joshua Wallace,34,N,180,91,black,blue,N,Y,Y,Y,N,Y,Y,Y,N
729,James Smith,48,Y,172,87,golden,grey,Y,Y,N,Y,Y,N,Y,Y,Y
730,Jack Gonzales,30,Y,151,82,grey,black,Y,Y,N,N,Y,N,N,Y,Y
731,Brian Mitchell,45,N,155,80,grey,black,Y,N,Y,Y,Y,N,Y,N,Y
732,Michael Williams,55,N,160,97,black,brown,N,N,N,Y,Y,N,N,N,Y
733,Nicholas Malone,54,N,177,81,brown,grey,Y,Y,Y,N,N,N,N,Y,N
734,Johnathan Lucas,48,N,154,61,brown,blue,Y,N,N,N,N,Y,N,N,N
735,Michael Montes,57,N,185,81,black,green,N,N,N,N,Y,N,Y,Y,Y
736,Steven Robinson,56,Y,186,85,black,black,Y,N,N,Y,Y,N,N,Y,N
737,Charles Scott,31,N,159,62,grey,brown,N,N,Y,Y,N,N,Y,Y,Y
738,Mark Collier,49,N,172,60,golden,green,Y,Y,Y,N,N,N,Y,N,Y
739,Jacob Zimmerman,58,Y,163,73,black,green,N,N,Y,Y,N,N,N,Y,N
740,Richard Moore,44,Y,170,89,brown,grey,N,N,Y,N,Y,Y,N,Y,Y
741,Steven Nichols,47,Y,179,61,golden,black,Y,N,Y,N,Y,Y,N,Y,N
742,Thomas Gregory Jr.,41,N,169,65,black,blue,N,Y,Y,Y,N,Y,N,N,N
743,Ronald Jones,38,Y,159,89,grey,blue,Y,Y,N,N,Y,Y,N,N,N
744,Kevin Davenport,45,N,156,81,grey,grey,N,Y,N,Y,N,N,N,Y,N
745,William Arnold,46,N,158,69,brown,blue,N,Y,Y,N,Y,N,N,Y,Y
746,Kevin Mcfarland,56,N,155,81,black,grey,Y,Y,Y,Y,Y,N,Y,N,N
747,Ronald Holder,47,N,157,63,grey,brown,Y,Y,Y,Y,Y,N,Y,N,Y
748,Daniel Boyd,32,Y,180,95,golden,blue,N,Y,N,Y,Y,Y,Y,N,Y
749,Kevin Cisneros,40,N,182,78,black,brown,Y,N,N,Y,Y,N,Y,Y,Y
750,Timothy Miller,31,Y,186,88,grey,green,Y,Y,N,Y,N,N,N,Y,Y
751,Eric Watson,43,Y,164,68,grey,green,Y,N,Y,N,N,Y,N,N,Y
752,Jason Estrada,31,Y,186,94,golden,blue,N,N,N,N,N,N,N,Y,N
753,Robert Williams,57,Y,155,69,brown,green,N,Y,N,N,Y,Y,N,Y,Y
754,Craig Blair,34,Y,179,66,golden,black,N,N,Y,Y,Y,Y,Y,N,N
755,James Whitney,31,Y,171,70,golden,blue,N,N,N,Y,N,N,Y,Y,N
756,Eric Shea,35,N,152,79,golden,green,Y,N,N,N,N,Y,N,Y,Y
757,Justin Vang,34,N,178,78,brown,black,Y,N,Y,N,Y,N,Y,N,N
758,Jack Becker,50,N,158,62,black,blue,Y,N,Y,Y,Y,N,Y,Y,N
759,Robert Anderson,47,Y,156,64,black,green,Y,Y,N,N,Y,N,N,Y,Y
760,Dustin Jones,42,Y,179,74,brown,brown,Y,N,Y,Y,N,Y,Y,N,N
761,Matthew Mcpherson,33,Y,154,72,black,green,N,Y,N,Y,N,Y,N,Y,Y
762,Daniel Fowler,49,Y,156,90,black,grey,N,Y,N,N,Y,Y,Y,N,Y
763,Joseph Jackson,30,Y,154,91,brown,blue,N,N,Y,N,N,N,N,Y,Y
764,John Cunningham,55,N,160,87,black,black,N,N,Y,Y,N,N,N,Y,N
765,Austin Stanley,36,N,171,97,brown,blue,N,N,N,Y,N,Y,Y,Y,Y
766,Brian Carter,47,N,172,96,brown,grey,N,N,N,Y,N,Y,Y,N,N
767,John Hale,36,N,158,84,grey,green,N,Y,N,Y,N,Y,N,Y,N
768,Tony Everett,42,N,164,94,brown,grey,Y,N,N,Y,N,Y,Y,N,Y
769,Vincent Zavala,35,Y,150,93,brown,green,N,Y,Y,Y,Y,N,N,N,N
770,Garrett Rojas,36,Y,158,73,brown,green,N,N,N,N,Y,N,Y,Y,N
771,Calvin Hughes,55,N,153,69,black,grey,Y,N,N,Y,Y,Y,Y,Y,Y
772,Michael Jackson,40,N,167,68,grey,black,N,N,N,N,N,N,Y,N,Y
773,Bryan Coleman,45,Y,178,86,brown,grey,Y,N,Y,Y,Y,Y,Y,Y,Y
774,Jordan Andrews,35,Y,166,91,golden,green,Y,Y,N,N,N,Y,Y,N,N
775,Gregg Morales,51,N,180,72,grey,black,Y,Y,Y,N,N,Y,Y,N,N
776,Michael Arnold,34,N,178,91,brown,black,Y,Y,Y,N,Y,N,N,Y,Y
777,John Lozano,40,Y,189,68,grey,brown,N,Y,Y,Y,N,N,N,N,N
778,Joshua Barrett,50,Y,187,95,brown,blue,N,N,Y,Y,Y,N,Y,Y,Y
779,Ryan Hall,40,N,160,63,golden,blue,N,Y,N,Y,Y,N,N,Y,Y
780,Seth Love,47,Y,177,79,grey,grey,Y,Y,N,Y,Y,Y,Y,N,N
781,Charles Lee,48,N,164,99,brown,black,Y,Y,N,Y,N,Y,N,N,Y
782,Brian Wells,46,Y,155,69,golden,black,Y,N,Y,N,Y,N,N,Y,N
783,Alexander Weaver,50,Y,151,69,golden,grey,N,Y,Y,N,Y,N,N,Y,N
784,Dr. Shane Carey,48,N,160,69,black,blue,N,Y,N,Y,N,Y,N,Y,N
785,Jeffrey Johnson,58,Y,186,73,golden,brown,N,N,Y,N,N,N,N,N,Y
786,Cody Collier,57,N,173,68,brown,green,N,Y,N,Y,N,Y,N,N,Y
787,Joshua Kelly,46,N,180,96,brown,black,Y,N,Y,Y,Y,Y,Y,Y,Y
788,David Jones,34,Y,177,97,black,black,N,Y,Y,Y,Y,Y,N,N,N
789,Leonard May,35,N,178,84,golden,blue,N,Y,Y,Y,Y,Y,Y,Y,Y
790,Nathaniel Chapman,32,Y,178,69,grey,grey,Y,N,Y,Y,Y,N,Y,Y,N
791,Ruben Williams,47,Y,182,88,grey,black,N,N,N,Y,N,N,Y,Y,Y
792,Matthew Morgan,43,Y,172,71,brown,brown,N,Y,Y,Y,N,Y,N,N,Y
793,Matthew Rogers,36,Y,187,94,brown,blue,N,Y,Y,Y,N,Y,N,N,Y
794,Peter Thompson,33,N,175,83,black,blue,N,N,Y,Y,N,Y,N,N,N
795,Chris Guerrero,56,N,156,73,brown,blue,N,N,Y,Y,Y,N,N,N,N
796,Dr. Bobby Flores,38,Y,166,69,golden,grey,Y,N,Y,N,N,Y,Y,N,Y
797,Phillip Taylor,36,Y,158,88,golden,black,Y,N,Y,N,Y,Y,Y,N,Y
798,Mr. Victor Adams MD,59,N,162,84,grey,black,Y,N,Y,Y,N,N,Y,N,Y
799,James Shah,55,Y,170,86,grey,blue,Y,Y,Y,Y,N,N,Y,N,Y
800,Andrew Blanchard,44,N,154,75,black,green,Y,N,Y,Y,N,Y,Y,Y,Y
801,Terry Blake,33,N,158,82,golden,blue,Y,Y,N,N,N,Y,N,N,Y
802,Mark Nicholson,42,Y,160,72,brown,brown,N,Y,N,Y,Y,N,Y,N,Y
803,Tyler Gonzalez,52,Y,167,75,grey,green,N,Y,Y,N,Y,N,Y,N,N
804,Mr. Timothy Perez PhD,59,N,175,97,black,brown,Y,N,Y,Y,Y,Y,N,Y,Y
805,Christopher Taylor,58,Y,174,93,golden,brown,N,N,Y,Y,Y,N,N,Y,N
806,Bradley Fisher,49,Y,151,84,grey,grey,Y,N,Y,N,Y,N,Y,Y,N
807,Dr. Barry Wilson,46,Y,187,63,golden,blue,N,N,Y,Y,N,N,Y,N,N
808,Hector Hernandez,56,Y,177,82,brown,green,N,N,N,Y,N,Y,N,Y,N
809,Michael Jones,46,Y,163,72,brown,brown,N,Y,N,N,N,Y,Y,Y,N
810,Joseph Bennett,40,N,177,66,golden,blue,Y,Y,N,Y,Y,Y,Y,Y,N
811,Matthew Miller,42,N,155,99,grey,brown,N,Y,Y,N,N,N,N,Y,N
812,Gregory Jefferson,48,Y,171,90,grey,grey,N,Y,N,Y,Y,N,N,Y,Y
813,Joshua Adams,35,N,165,89,black,grey,Y,N,N,N,Y,Y,N,Y,Y
814,Thomas Lopez,31,Y,181,68,golden,black,Y,Y,N,N,Y,N,N,Y,N
815,Dwayne Stewart,43,Y,154,81,black,brown,Y,N,N,Y,N,Y,N,N,Y
816,Michael Fernandez,53,Y,164,93,brown,blue,Y,N,Y,Y,Y,Y,Y,N,N
817,John Adams,31,N,166,71,grey,blue,N,Y,N,N,N,Y,Y,Y,Y
818,Jacob Williams,46,Y,169,77,brown,grey,N,Y,Y,N,Y,N,Y,N,N
819,David Burnett,58,Y,174,79,golden,brown,Y,N,N,Y,Y,N,N,N,N
820,Russell Cook,46,Y,188,83,golden,grey,N,N,N,Y,Y,Y,N,N,N
821,Michael Randolph,57,Y,154,86,brown,grey,N,N,N,Y,Y,N,N,N,N
822,Steven Norton,30,N,189,82,grey,blue,Y,N,Y,Y,Y,N,Y,Y,Y
823,Tyler Roberts,49,N,179,92,golden,blue,Y,Y,Y,N,Y,N,Y,N,Y
824,Shane Thompson,55,N,165,88,brown,grey,N,Y,N,Y,Y,Y,N,Y,N
825,Matthew Maxwell,59,Y,169,73,grey,blue,N,N,N,Y,Y,Y,Y,Y,N
826,Jake Wilson,39,Y,166,70,brown,grey,N,Y,N,Y,N,N,N,N,N
827,Martin Anderson,51,N,183,98,golden,brown,Y,Y,Y,N,Y,N,N,N,Y
828,Paul Hansen,47,Y,183,60,grey,grey,Y,Y,N,N,N,Y,Y,N,Y
829,Gregory Davis,37,Y,180,97,golden,grey,Y,Y,Y,N,Y,N,Y,N,N
830,Lawrence Davis,49,N,178,62,black,green,Y,Y,N,N,Y,Y,Y,N,N
831,Carlos Wilson,34,N,182,91,golden,green,Y,Y,N,Y,Y,Y,N,N,Y
832,Jonathan Martin,36,Y,170,99,golden,brown,N,N,N,Y,Y,N,N,N,N
833,David Stout,49,Y,180,62,brown,black,N,Y,Y,Y,Y,Y,N,Y,Y
834,Craig Pearson MD,32,N,184,68,golden,blue,N,Y,N,N,Y,N,N,Y,N
835,Michael Martin,38,N,173,94,black,black,N,Y,Y,N,N,Y,N,N,N
836,John Dean,55,N,164,96,grey,brown,Y,N,N,Y,Y,Y,Y,Y,N
837,Raymond Ayala,53,N,152,91,black,brown,Y,Y,Y,N,N,N,Y,Y,N
838,John Goodman,57,Y,171,64,black,brown,Y,N,N,N,N,N,N,Y,Y
839,James Strong,58,Y,161,81,grey,blue,Y,N,Y,Y,N,N,Y,Y,N
840,Richard Bridges,39,N,161,97,black,grey,N,N,N,N,N,N,N,Y,N
841,Matthew Johnson,35,Y,153,75,grey,grey,N,Y,N,Y,N,N,N,Y,N
842,Alexander Parrish,45,N,182,93,golden,green,N,N,N,N,N,Y,N,Y,Y
843,Craig Costa,34,Y,164,69,black,black,N,N,Y,N,N,Y,Y,N,Y
844,Eric Singh,35,Y,179,64,grey,brown,Y,N,N,Y,N,N,N,N,N
845,Jay Fischer,49,N,166,98,brown,green,N,N,Y,N,N,Y,Y,N,Y
846,Shaun Lewis,42,Y,172,70,black,black,Y,N,Y,Y,N,N,Y,Y,Y
847,Martin Douglas,35,N,184,78,golden,brown,N,Y,Y,Y,Y,Y,N,Y,N
848,Mark Valencia,37,N,155,77,grey,brown,Y,N,Y,N,N,N,N,N,N
849,Brandon Jones,46,N,165,96,grey,grey,N,Y,N,Y,Y,N,N,N,Y
850,Glenn Williams,42,Y,181,77,grey,grey,N,N,Y,N,Y,N,Y,N,N
851,Mark Williamson,54,Y,167,85,brown,grey,N,N,N,N,Y,Y,N,Y,N
852,Mark Morales,30,Y,189,75,brown,brown,N,Y,N,Y,N,Y,N,Y,N
853,Craig Clark,48,N,162,63,black,black,Y,N,Y,Y,Y,N,Y,N,N
854,Michael Cunningham,53,N,187,88,grey,black,N,Y,N,Y,N,N,Y,N,N
855,William Rodriguez,56,Y,185,82,brown,blue,N,Y,N,N,Y,Y,N,Y,Y
856,Jermaine Orr,50,Y,153,77,black,black,Y,Y,N,Y,N,Y,N,N,Y
857,Kevin Smith,59,Y,184,61,black,blue,N,N,N,Y,Y,N,Y,N,N
858,David Stephens,48,N,151,66,grey,grey,Y,Y,Y,N,Y,N,Y,N,N
859,Brian Bryant,38,N,166,70,black,grey,Y,Y,Y,Y,Y,Y,N,N,N
860,Travis Sanders PhD,34,N,183,86,golden,brown,N,Y,N,N,Y,Y,Y,Y,Y
861,Jesse Wong,48,Y,184,60,grey,green,N,Y,N,Y,N,N,N,N,N
862,Francisco Garcia,33,Y,167,72,golden,brown,N,N,N,Y,Y,Y,Y,Y,Y
863,Gary Wilkinson,59,N,186,83,black,brown,N,Y,Y,Y,N,Y,N,Y,Y
864,Hunter Booker,32,N,183,85,grey,brown,N,Y,Y,Y,N,Y,Y,Y,N
865,Isaiah Howard,54,Y,163,86,grey,black,N,N,N,N,Y,Y,N,N,Y
866,George Mcneil,33,N,181,88,black,brown,Y,Y,Y,Y,N,Y,Y,Y,N
867,Jason Price,45,Y,189,86,black,grey,N,N,Y,Y,Y,Y,Y,N,N
868,Joshua Campbell,41,Y,159,64,brown,grey,Y,N,Y,Y,N,Y,Y,Y,Y
869,Christopher Woods,44,Y,181,83,golden,grey,N,Y,Y,N,Y,Y,Y,Y,Y
870,Mr. Walter Obrien,40,N,168,86,black,black,Y,N,N,N,Y,N,N,Y,N
871,Jeffrey Barrett,42,Y,161,77,brown,blue,N,N,Y,N,N,Y,Y,Y,Y
872,Ian Fitzgerald,36,N,163,66,brown,black,Y,N,N,N,Y,N,N,Y,Y
873,James Herring,52,Y,178,84,brown,black,Y,N,Y,N,N,Y,N,Y,N
874,Tony Roach,34,N,180,94,brown,blue,N,Y,Y,Y,Y,N,Y,Y,N
875,Michael Cooper,44,N,163,92,black,blue,N,Y,Y,N,Y,N,Y,N,N
876,Scott Walters,52,N,153,69,brown,green,Y,N,N,Y,Y,N,N,N,N
877,Mark Harris,31,N,168,83,brown,green,Y,N,N,N,N,N,Y,Y,N
878,Andrew Brooks,59,Y,157,95,brown,brown,N,N,Y,N,N,N,N,N,N
879,Jason Harris,49,Y,166,68,golden,brown,N,Y,N,N,N,Y,N,Y,N
880,James Hopkins,30,Y,172,63,grey,brown,Y,N,Y,Y,N,N,N,Y,Y
881,Jeffrey Vaughn,48,N,166,74,black,black,N,Y,Y,N,N,N,Y,N,Y
882,Mark Gonzalez,45,N,178,96,grey,black,Y,Y,N,N,Y,N,N,N,Y
883,Gregory Miller,52,N,170,75,black,grey,N,N,Y,N,N,Y,N,N,Y
884,Dennis Herrera,47,Y,168,92,black,grey,Y,N,N,N,Y,N,N,Y,N
885,Christopher Alexander,43,N,161,93,grey,blue,N,N,N,Y,N,N,N,Y,Y
886,Kyle Flynn,31,N,150,82,grey,brown,Y,Y,N,N,Y,N,Y,N,Y
887,John Dixon,48,Y,182,64,brown,blue,N,N,N,Y,N,Y,N,N,N
888,Darrell Middleton,36,N,185,88,grey,green,N,N,Y,N,N,Y,N,N,Y
889,Adam Gonzalez,41,N,181,60,brown,black,Y,N,Y,N,Y,Y,Y,N,N
890,Allen Johnson,41,N,176,88,golden,black,Y,N,Y,N,N,N,Y,Y,Y
891,James Anderson,39,Y,170,93,black,brown,Y,N,Y,Y,Y,N,N,Y,Y
892,Austin Ray,43,Y,176,75,golden,black,Y,N,Y,N,N,N,Y,N,N
893,Dennis White,50,Y,163,83,black,green,Y,N,N,N,N,N,N,Y,Y
894,Randy Alvarez,46,Y,177,99,black,black,Y,N,Y,Y,Y,N,Y,N,N
895,Brian Moore,40,Y,168,86,black,grey,N,N,N,N,N,N,Y,Y,N
896,Arthur Haynes,48,Y,172,71,black,grey,N,N,N,N,N,Y,Y,Y,Y
897,Brandon Taylor,35,N,161,69,golden,black,Y,N,N,N,N,N,N,N,Y
898,Christopher Wells,38,N,155,83,golden,black,N,Y,Y,Y,N,Y,Y,N,Y
899,Luis Combs,58,Y,167,65,golden,blue,N,Y,N,N,N,N,Y,Y,Y
900,Kenneth Rose,55,N,163,89,black,black,N,N,N,Y,Y,N,N,Y,Y
901,Michael Spencer,55,Y,179,77,black,grey,Y,Y,Y,N,N,Y,Y,N,N
902,James Roberts,45,N,180,67,black,green,Y,N,Y,Y,Y,N,Y,N,Y
903,Christopher Williams,42,N,176,83,black,green,Y,N,Y,N,Y,Y,Y,N,Y
904,Eric Morales,33,Y,167,89,golden,blue,N,N,N,N,Y,Y,Y,Y,N
905,Patrick Castillo,37,Y,174,90,grey,blue,N,Y,N,Y,N,N,Y,N,N
906,Charles Conner,41,N,189,82,black,grey,N,Y,Y,Y,N,Y,Y,Y,Y
907,Christopher Ruiz,44,N,180,64,brown,black,N,N,N,N,Y,Y,N,Y,Y
908,Ryan Choi,35,N,158,87,grey,brown,Y,N,N,N,Y,N,N,Y,N
909,Thomas Salazar,53,Y,164,85,grey,grey,Y,Y,Y,Y,N,Y,N,Y,Y
910,George Moore,56,Y,159,87,black,grey,Y,Y,N,Y,Y,Y,N,Y,Y
911,Rodney Scott,33,Y,150,66,black,green,N,N,N,Y,N,Y,N,N,Y
912,Michael King,33,Y,152,80,brown,brown,Y,Y,N,N,N,Y,Y,Y,N
913,Shane Anderson,50,Y,162,97,black,black,N,Y,N,Y,N,N,N,N,Y
914,David Lambert,45,N,155,87,grey,black,Y,N,Y,Y,Y,N,Y,Y,Y
915,Scott Thomas,38,Y,177,73,grey,brown,N,N,N,Y,N,N,Y,N,N
916,Derek Smith,31,Y,181,84,black,green,N,N,Y,Y,Y,N,N,Y,Y
917,John Mclaughlin,47,Y,173,61,brown,grey,N,Y,N,Y,Y,N,N,N,Y
918,Derek Watts,31,Y,171,68,grey,black,N,Y,N,N,Y,N,N,Y,Y
919,Carl Jackson,48,N,161,63,black,grey,N,N,Y,Y,N,Y,N,N,Y
920,Michael Jimenez,30,Y,189,84,grey,black,Y,N,Y,N,Y,Y,Y,N,Y
921,Gregory Snow,47,N,182,95,black,black,Y,Y,Y,Y,N,N,Y,N,N
922,Todd Nixon,59,N,168,61,golden,brown,Y,Y,N,Y,Y,Y,N,Y,N
923,David Collins,34,Y,161,76,black,green,N,Y,N,Y,N,N,N,Y,N
924,Mr. Levi Hancock,30,Y,179,69,brown,brown,N,Y,Y,Y,Y,N,Y,N,Y
925,Joseph Alexander,50,N,165,72,golden,grey,N,Y,Y,Y,N,Y,Y,N,Y
926,Wesley Cole,47,N,186,91,black,brown,N,N,Y,Y,N,N,N,N,Y
927,Richard Schultz,37,N,172,85,brown,grey,N,N,N,Y,N,N,Y,N,Y
928,David Burton,55,N,155,68,brown,grey,Y,N,Y,Y,N,Y,N,Y,Y
929,Tyler Duarte,50,Y,155,75,golden,blue,Y,N,Y,Y,Y,Y,N,Y,N
930,Edward Powers,49,N,180,66,brown,brown,N,N,Y,Y,N,N,N,N,N
931,Angel Smith,34,Y,181,66,brown,blue,Y,N,Y,Y,N,Y,Y,N,Y
932,Brian Johnson,57,Y,172,87,grey,black,N,N,Y,N,Y,Y,Y,Y,Y
933,Ryan Fisher,30,N,172,88,brown,green,N,N,N,Y,Y,N,N,N,N
934,David Morris,54,Y,164,76,black,blue,Y,Y,Y,Y,Y,N,Y,N,Y
935,David Morris,38,Y,164,71,golden,black,N,N,N,N,Y,N,N,N,N
936,Mr. Dennis Silva,31,Y,150,77,grey,green,N,N,N,Y,N,N,N,N,N
937,Mark Jackson,39,Y,163,77,black,grey,Y,Y,Y,N,N,N,Y,Y,Y
938,Steven Woods,59,N,155,80,grey,blue,N,Y,Y,N,N,Y,Y,Y,Y
939,Joseph Johnson,45,Y,177,70,grey,brown,Y,N,Y,Y,Y,Y,Y,Y,Y
940,Ryan Rodriguez,58,N,153,85,golden,black,N,N,N,Y,N,N,N,Y,N
941,John Mcgee,40,Y,171,97,golden,green,N,Y,Y,N,Y,Y,N,N,N
942,Craig White,56,Y,165,73,grey,grey,N,N,N,Y,N,N,Y,N,N
943,Randall Riley,48,N,168,97,golden,black,N,N,N,N,Y,Y,Y,Y,N
944,Kyle Hicks,51,N,181,98,black,black,Y,Y,Y,N,Y,Y,N,Y,Y
945,Miguel Anderson,44,Y,184,81,golden,black,N,Y,N,Y,N,N,Y,N,N
946,Hunter Robinson,49,N,155,66,golden,green,N,N,N,N,N,N,Y,Y,Y
947,Preston Webster,32,Y,167,88,grey,black,Y,Y,Y,N,N,Y,N,Y,Y
948,Robert Long,31,N,179,89,brown,brown,N,N,N,Y,N,N,Y,Y,N
949,Philip Brown,39,Y,163,87,golden,green,Y,N,Y,Y,N,Y,Y,N,Y
950,Richard Reyes,56,Y,172,74,golden,green,N,N,N,Y,Y,Y,Y,N,Y
951,Joshua Tran,54,N,160,86,brown,blue,N,N,N,N,N,Y,Y,Y,N
952,Joseph Moore,30,N,162,81,golden,blue,N,Y,N,N,N,Y,N,Y,N
953,Joseph Chen,43,N,176,60,golden,green,N,Y,N,Y,N,Y,Y,Y,Y
954,Mitchell Morales,38,Y,161,63,grey,black,N,N,Y,N,N,N,Y,N,Y
955,Max Gibson,39,N,159,87,brown,grey,N,Y,Y,N,Y,Y,Y,Y,N
956,Andrew Johnson,44,N,164,92,brown,blue,Y,Y,N,Y,Y,N,N,N,N
957,Robert Vance,43,Y,181,85,golden,blue,N,N,Y,N,N,N,Y,Y,Y
958,Brian Lewis MD,41,Y,155,98,golden,brown,N,N,N,N,Y,N,N,Y,Y
959,Dr. Mark Ball MD,36,Y,154,68,black,brown,Y,N,Y,N,Y,Y,N,Y,N
960,James Gardner,50,Y,166,77,brown,brown,N,N,Y,N,Y,Y,Y,N,N
961,Todd Wells,30,N,169,73,golden,green,N,Y,N,N,Y,Y,Y,N,Y
962,Austin Torres,57,Y,153,81,grey,grey,N,Y,N,Y,Y,N,N,N,N
963,Paul Wright,50,N,171,84,brown,blue,N,N,Y,N,Y,Y,Y,N,N
964,Gary Smith,31,N,162,63,grey,blue,N,N,Y,N,Y,N,N,Y,Y
965,Christopher Jackson,53,N,164,95,golden,blue,N,Y,Y,Y,Y,Y,N,N,Y
966,Isaiah Anderson,58,Y,171,74,black,black,N,N,N,Y,N,Y,Y,N,N
967,Timothy Clark,42,Y,173,89,golden,black,N,Y,Y,N,Y,Y,Y,N,N
968,Stephen Chavez,36,N,178,68,golden,blue,Y,N,Y,Y,N,Y,N,Y,N
969,Donald Mckee,52,Y,176,98,brown,brown,N,Y,Y,Y,N,N,N,Y,N
970,Lee Lamb,45,Y,175,70,brown,blue,N,N,N,N,Y,Y,Y,Y,N
971,Justin Fischer,49,Y,158,79,brown,black,N,N,Y,Y,N,Y,Y,N,N
972,Juan Rodriguez,56,N,172,72,brown,black,Y,Y,N,N,N,N,N,Y,Y
973,Matthew Simmons,52,N,181,81,golden,brown,N,N,N,Y,N,N,Y,Y,N
974,Thomas Monroe,52,N,159,65,black,black,Y,Y,Y,Y,N,N,Y,Y,Y
975,Mr. John Hanson,40,N,186,71,golden,green,Y,Y,N,Y,Y,Y,Y,N,N
976,Matthew Walsh,47,N,179,86,black,brown,N,N,N,N,N,N,Y,Y,Y
977,Aaron Dunn,56,Y,184,90,golden,blue,N,Y,Y,Y,N,N,Y,Y,N
978,James Thomas,57,Y,188,78,black,grey,Y,N,Y,N,N,Y,N,N,Y
979,Eric Yates MD,56,Y,171,77,grey,brown,N,N,Y,Y,N,N,Y,Y,Y
980,Micheal Baker,38,Y,156,72,golden,grey,N,N,N,N,N,N,Y,N,N
981,Kevin Dawson,55,N,153,79,grey,brown,N,Y,Y,Y,N,Y,Y,Y,Y
982,Aaron Bishop,40,Y,155,97,brown,green,Y,Y,N,N,Y,Y,N,N,N
983,Anthony Weber,40,Y,185,89,black,blue,Y,Y,N,N,N,N,Y,N,N
984,Robert King DDS,50,Y,163,88,black,grey,Y,Y,Y,Y,Y,N,N,Y,N
985,Robert Thornton,49,N,154,86,brown,green,Y,N,N,N,N,N,N,N,N
986,Gregory Hunter,54,Y,178,75,golden,green,N,N,N,Y,N,Y,N,Y,N
987,Peter Brown,52,Y,156,69,brown,green,Y,Y,Y,Y,N,Y,Y,N,Y
988,Paul Torres,37,Y,177,86,golden,blue,Y,N,N,N,N,Y,Y,N,N
989,Larry Mosley,30,N,177,78,grey,brown,N,Y,N,N,Y,N,Y,Y,Y
990,Marc Anderson,31,Y,158,96,golden,blue,N,N,N,N,Y,N,Y,Y,Y
991,Timothy Wilkinson,53,N,186,90,brown,brown,N,N,N,N,N,Y,Y,Y,Y
992,Alexander Wilson,48,Y,151,72,black,grey,N,N,N,Y,N,N,Y,Y,Y
993,Michael Browning,52,Y,182,80,grey,black,N,Y,Y,Y,Y,N,N,N,N
994,Ronald Robinson,50,N,155,68,golden,brown,Y,Y,N,N,N,Y,N,Y,Y
995,Xavier Crawford,43,N,154,88,black,black,Y,Y,N,Y,Y,N,Y,Y,N
996,Paul Thomas,57,Y,154,72,grey,grey,N,N,Y,Y,Y,N,N,N,N
997,Joseph Singleton,57,Y,179,68,black,grey,N,N,Y,Y,N,N,N,Y,N
998,Jerome Lewis,49,N,185,93,black,grey,N,Y,Y,N,Y,N,Y,Y,Y
999,Jonathan Smith,41,Y,185,97,black,blue,Y,Y,Y,N,N,N,Y,Y,Y
